x,y,labels_1
1881.0719253577727,2682.9100762364096,1
1892.7611554789328,2719.9772136762604,1
1875.7771081467324,2703.539131147368,1
1870.326603337311,2717.088955824264,1
1847.6700518021512,2701.938575832545,1
1898.7799661129402,2700.437243327392,1
1859.3410944430102,2721.639327027576,1
1854.6622439374496,2701.502712031286,1
1861.7007131707494,2708.6235253207988,1
1872.019321042789,2707.3240244778717,1
1864.0519654315685,2691.051151928146,1
1871.7833418869234,2707.172287181236,1
1867.4028000573076,2710.675500107155,1
1864.5407960952314,2678.874874854047,1
1869.3458579824185,2704.5554289727693,1
1876.5924410091293,2711.3835413927554,1
1875.0904002943164,2696.2612338827294,1
1868.9053245838036,2706.198459823136,1
1865.2633615406567,2699.2529148694634,1
1882.5183957264992,2709.4940696418553,1
1875.6531461811362,2711.194195924826,1
1869.7579711868748,2687.8845168861308,1
1843.6699046517365,2698.96025541084,1
1874.8383577877057,2699.3377154177165,1
1861.0818558133499,2688.9686275693243,1
3921.827662211506,155.22681752921602,2
3941.7864897894897,142.82264156631723,2
3923.9531872765688,155.6742671077051,2
3918.333113380002,178.1291200966634,2
3923.9430013830906,158.78116504859474,2
3909.8868019556908,135.07154698299726,2
3923.2439386121496,163.03112086359928,2
3925.2236017489636,152.64164095634843,2
3931.6112200567522,133.69431243998432,2
3916.683656781471,158.0947963144516,2
3931.5937491725676,131.8387325124335,2
3919.735896032585,162.46478802510867,2
3929.1690886809806,134.47865815599977,2
3918.3198396872936,159.9971868679102,2
3914.9585260142853,173.46399768449234,2
3900.7885580907114,142.8766528390172,2
3925.6433616712984,170.6393929865701,2
3938.43059278095,147.48137274091377,2
3921.0796322973197,153.9888798040122,2
3934.825061586442,159.1473109154914,2
3923.702201155763,157.48520947258487,2
3919.2278535739033,167.4634503717639,2
3927.5787161206563,152.8583040018613,2
3922.987258792555,160.7114112151896,2
3917.783661569484,180.08499511711273,2
2341.1398379719863,569.8751098872748,3
2318.6518070358866,578.3554263784439,3
2356.1329436958813,561.1756637242818,3
2348.0268585372155,577.0401791564794,3
2361.592068901416,559.342923186499,3
2337.427361698394,564.3275898974489,3
2346.206198404795,573.1280083065296,3
2358.928913721149,576.037922734904,3
2336.517008840866,568.3673389249344,3
2339.407342038804,559.9479738095879,3
2336.4360210522486,567.2725102722599,3
2340.481689518889,565.0762006055721,3
2345.773370875318,569.0121936103401,3
2327.305052188934,570.395249434115,3
2334.007678828601,566.3718573934545,3
2330.7567813558258,543.4884806006359,3
2338.6690362840336,562.1095073740834,3
2332.8456230778893,589.8731610071475,3
2342.7932949913907,557.6748852017466,3
2340.9235147560157,577.8433087175819,3
2323.1967739091156,592.339197758035,3
2319.9547776465542,578.4551585451757,3
2356.1013488572726,558.0815010775477,3
2339.500809934019,568.3302533645244,3
2329.5240571058325,573.1529688003022,3
3374.8167361898654,3554.308239143214,4
3402.166656602478,3565.17287219333,4
3389.583583198402,3571.6674527278715,4
3406.977748341381,3579.372894881159,4
3388.398567435728,3539.168406891672,4
3412.3101839897604,3561.4148451018714,4
3382.9662863740123,3580.460573532084,4
3387.001781836839,3577.7832223707687,4
3394.177962907912,3558.689024106291,4
3397.370524787049,3557.178123857371,4
3384.0555525593722,3586.37636472512,4
3391.772664501557,3560.2324718786904,4
3393.323552106546,3559.7088287417946,4
3383.3084418290605,3567.8914681604783,4
3393.9040532674744,3560.4747262618794,4
3414.666803447016,3578.6245085830074,4
3392.4079421100787,3556.809151307325,4
3406.339892894646,3573.8514141064666,4
3376.2090222380093,3578.5515343378815,4
3408.100866870451,3580.220263742874,4
3393.516479610572,3556.9441531967145,4
3392.6009267195027,3566.6808526818645,4
3389.861036313388,3563.3197501214763,4
3398.3178645184307,3551.0559155604865,4
3391.6236216309026,3551.104061483124,4
2826.6298982859016,2360.9987426530506,5
2807.0677448954884,2402.0279109360463,5
2795.7772555074635,2397.6360075718553,5
2799.448939397396,2374.1998187047993,5
2809.917222526615,2370.0597779506934,5
2803.259234853331,2354.260938751405,5
2803.274924610848,2371.9791205538054,5
2806.4472975226063,2361.2275026291645,5
2834.7634487981973,2393.961533950237,5
2826.440911060117,2353.59590602256,5
2806.753340334077,2373.9564728577298,5
2822.5384786554346,2380.4913156047996,5
2829.9755733887087,2352.0318440102556,5
2790.508064916226,2364.6261741451062,5
2813.3219303149667,2387.1447346882433,5
2813.0520889222494,2375.377210520351,5
2811.9601378474513,2373.774232307727,5
2805.2187738085054,2356.872493830126,5
2810.0427025528193,2346.234317564244,5
2801.796183824293,2358.3767032466467,5
2823.7779649460103,2373.661355274257,5
2811.711618511621,2379.765355490451,5
2826.9158567381587,2389.607687113741,5
2812.533946744402,2396.1897424473023,5
2820.4540998738735,2369.5565905941685,5
1161.7072838044405,1203.1052890829428,6
1176.3883882847529,1195.2443550649348,6
1150.0889976962867,1209.969698324219,6
1156.6083798865382,1179.0121604571677,6
1193.6044469374337,1181.6913305861563,6
1192.7244628973497,1194.0128094173087,6
1161.8394483349114,1215.4045339851714,6
1191.040077649814,1207.6659342976855,6
1188.383790180175,1191.7462031294624,6
1165.6243801946555,1190.4065005708858,6
1177.775660887958,1210.260772632141,6
1170.0572006554814,1191.587066050518,6
1168.5564452365895,1194.183674253611,6
1170.3987909166408,1182.4178548012276,6
1197.7551713620996,1193.6636474431018,6
1169.2102317248819,1190.7972093979959,6
1167.6854326829657,1189.2878826387853,6
1198.6291816810242,1191.716082203352,6
1168.2243628430888,1195.2040436478055,6
1152.4454874888388,1174.8633023265415,6
1163.2404216390698,1198.7208071666396,6
1169.6787980225306,1202.1667724821702,6
1151.6561098780412,1195.2871531432436,6
1156.5552595885479,1194.9364946168769,6
1155.1999868337111,1182.790006729263,6
1884.315069963283,3565.5004807021073,7
1901.1783899650916,3543.5839301488045,7
1875.6566967704455,3577.7847902584117,7
1894.284597102829,3555.139139480747,7
1888.0849790336842,3569.322090502135,7
1877.8529804772638,3577.9823512185435,7
1895.0912679393355,3550.080654362735,7
1905.1828632841882,3560.1858555297085,7
1903.141080648288,3570.951743895912,7
1891.7427139162512,3569.598829078487,7
1917.0532173927534,3582.043065667095,7
1885.6284661973473,3573.5865887544237,7
1889.4803348817811,3575.24213734542,7
1886.2943440827983,3576.9338571154954,7
1887.4152380578614,3576.6643956828243,7
1874.6771309660735,3572.098829279537,7
1888.6303077296623,3576.270364996425,7
1896.831811768243,3555.5555534691493,7
1898.1786200856839,3542.8295162866025,7
1870.362975768077,3582.296345687408,7
1888.7976767503903,3568.7337126603534,7
1899.723776663058,3563.4202981140743,7
1876.403052940493,3592.6387832557307,7
1882.8601706396782,3564.8821888791226,7
1885.321736321406,3559.731011350123,7
666.9466368453567,216.62424544705766,8
639.9041647364559,229.2408170883704,8
653.331044618979,247.54694723995314,8
645.5703802374421,226.6319642025285,8
648.3328909716337,225.60084133096342,8
637.7877539466842,225.10551890860214,8
642.8774224892413,206.40728873745397,8
668.4066831952641,246.7087470860394,8
618.1922960634386,229.7392917598504,8
659.9351353783723,203.5430092915154,8
653.5042055998952,253.13588911414266,8
657.6368394470904,208.47697025055155,8
650.9745021430887,249.5141033912808,8
649.8984036830172,235.6472081890019,8
649.6828718295958,236.3787272213747,8
673.2634582394301,226.99604068340838,8
669.203533101783,226.8905719980522,8
658.2435319387815,235.1460097337799,8
627.4956731676679,230.08527744287653,8
649.5482551767014,218.98404303656167,8
632.5692860412057,231.2760187629296,8
652.724428643368,223.46650259072862,8
635.8221373159587,240.91984090393177,8
645.6160533848677,224.55280028609954,8
638.6309106554619,221.57552378521274,8
36.79519573717479,1014.732999635186,9
31.059204021479978,997.0425453628098,9
31.3563355931429,1011.5762444901238,9
22.34727336896433,993.0689637421368,9
56.66517804425016,1017.3027589357939,9
34.461437258193136,1004.9978049718238,9
30.363168306662043,994.3129835722536,9
39.51045080746736,1004.9860770552881,9
34.20944001577864,1024.8478862729278,9
17.541314431790344,999.8027889555967,9
23.336904082589363,1026.0936130661003,9
49.49127072310331,1018.0806597988883,9
38.862870385872505,990.520287186526,9
61.33016051385002,1003.7386635002357,9
34.73473802845214,1010.7014534525374,9
47.866392120207145,1008.3652680273132,9
29.37150937794841,993.6889794466977,9
39.38066219571118,1005.265768209069,9
49.091121158998426,1002.4816243892179,9
41.119826129232045,1005.5007801821477,9
34.69589715267299,987.4248023624714,9
40.310195503245254,995.4997809696374,9
28.281980573569506,991.6574582826622,9
38.871422260083335,982.2087981297259,9
42.89936834855916,1029.448576650164,9
3047.137835696163,3895.5110953089766,10
3034.9409971009104,3904.147478306972,10
3053.269289982966,3901.4270525683023,10
3055.767084601664,3916.5950637977694,10
3073.730882419704,3886.17473321972,10
3056.494819992227,3904.435434059904,10
3071.3871588985535,3916.4822956577486,10
3041.510754580811,3913.7790390193554,10
3040.6337410530223,3882.5900988100507,10
3050.159938545615,3898.31623683004,10
3066.187514918452,3905.6960205039127,10
3061.6562470205718,3914.8874634760687,10
3051.510201486314,3906.5266935160703,10
3053.1044045641015,3900.811186416796,10
3075.3905342354215,3905.4343502418737,10
3035.9056387023807,3923.3790150324353,10
3064.0004766266234,3897.0287490243213,10
3036.906745846313,3905.048174723384,10
3048.202537691204,3910.769530430057,10
3046.705076236793,3905.0552352123595,10
3028.7141853401968,3890.0464384785437,10
3027.374692335477,3900.411918290519,10
3050.649654570869,3904.3900861657735,10
3048.9033977553368,3891.9701940720056,10
3044.07211373664,3899.843765195858,10
1674.3019845287845,2736.7472929458118,11
1684.5309685947211,2710.085878663719,11
1655.433912278425,2736.7320050733724,11
1656.8983937653352,2741.808799887623,11
1669.2684251459002,2729.844639861267,11
1649.2155205961365,2742.878110055904,11
1661.2633186477967,2751.9347377416643,11
1684.4525345753723,2762.90659958509,11
1670.0929522728072,2738.21091228836,11
1648.4563984510646,2730.4113289916963,11
1673.4188958281695,2742.393857578158,11
1686.956284100008,2722.888900398915,11
1684.2014411059017,2726.8544879506794,11
1679.5478311090133,2727.8188202373335,11
1690.4003466728411,2739.851547956171,11
1666.7933023614216,2717.359208385524,11
1652.1118659415072,2746.418064279048,11
1669.7966493712984,2735.3061466576164,11
1691.0861119660485,2759.3306140045684,11
1664.5822924211693,2729.1470631304455,11
1693.9351452066805,2722.232089160533,11
1673.8489701428073,2734.365856208811,11
1676.5221007519854,2732.427731141756,11
1648.2061912418615,2732.3260487455154,11
1663.2758665948306,2711.7842647957723,11
2849.2882121747516,3641.624142169933,12
2840.7339935543373,3619.2549950536295,12
2827.8885139522145,3627.798918677957,12
2879.98166611973,3623.2146568664384,12
2842.1182171889577,3628.520553372604,12
2870.0277851204773,3611.645011274458,12
2838.776428924091,3625.29503956466,12
2856.5709378764536,3624.5181254763183,12
2870.9979541349053,3632.412197034322,12
2825.7061815833517,3621.157271720977,12
2833.2078685287,3638.3456353275305,12
2837.6753162038904,3624.6176197644013,12
2858.867250629699,3610.2789143127998,12
2869.3629786672395,3637.5431627201174,12
2842.4971858209597,3644.9525565559643,12
2870.654157070889,3625.4825731577853,12
2849.1943839024307,3607.874655628898,12
2851.902631397452,3619.547207070247,12
2832.213651678606,3629.9317868838684,12
2825.011349595799,3614.680378352649,12
2840.128428520665,3620.3715356808975,12
2845.5002045345614,3628.7446127025214,12
2859.9469599735367,3625.293735809056,12
2858.836854180075,3612.305236584052,12
2833.6037718638813,3598.130227522096,12
1011.3612580695223,1937.5357423956016,13
1016.6200531322598,1928.4527156777629,13
1015.1427521144026,1914.436013463783,13
1016.4204231270013,1922.1445082899108,13
1031.791044229969,1893.7226497973643,13
1035.1275885051532,1930.8245167188097,13
1015.198795904311,1913.2858068015628,13
1041.9085477329509,1923.0323877688754,13
1015.9141199162917,1917.5028539098105,13
1019.0717121351851,1910.3897736602748,13
1014.4781936466399,1921.095614312973,13
1009.633597388978,1912.5864111792735,13
1007.540792466888,1939.9812724927533,13
1002.8117675083498,1901.0074669834776,13
1010.792645993601,1917.8750857045563,13
1013.8516859555879,1916.4808602209646,13
1030.1301038123243,1903.9732630329431,13
1038.6788443240696,1914.155456892124,13
1023.6520784132863,1910.463984990948,13
1000.5435709578705,1933.3897966878358,13
1015.5327046657375,1935.0526552102954,13
1015.4413131425988,1933.5535625846633,13
1017.074157660146,1929.061958714269,13
1041.2548012016807,1932.5561029693847,13
1011.3832346677684,1894.07305832697,13
1826.4337577004537,661.7699827587653,14
1848.516611589391,668.91891652695,14
1850.5422673198327,677.7285120303782,14
1839.6086906232872,666.1360097835715,14
1845.9858854857878,687.8914712967008,14
1851.8423366064983,662.8139829108835,14
1848.657287953254,662.0701539884333,14
1841.9164372309983,678.6036676112594,14
1833.4874732559738,653.2297685990636,14
1851.6909952741473,646.2998010977863,14
1841.4504330437426,649.515010330709,14
1846.3164123518388,681.9338583557333,14
1836.1343926236163,661.8768766177669,14
1843.390758918963,672.3882043960957,14
1867.0732127419858,673.6544965577734,14
1837.7108409043578,664.7752738466942,14
1864.574437609999,647.7930372035204,14
1854.13091778975,648.8224258696763,14
1850.9042685729382,639.9259715155989,14
1838.2168491499979,651.6601040377803,14
1830.0041238118047,669.0893899107924,14
1831.0023122281198,650.6961555869311,14
1827.5891296475875,681.2380891001374,14
1846.8168561534424,666.0926689457152,14
1831.6655337209158,654.2814407116094,14
1229.0871315179027,1761.7649901868524,15
1248.81849328233,1743.2141384448057,15
1249.8338565890922,1768.962223754894,15
1248.130137101535,1778.5839522874908,15
1238.4965837601421,1755.756718805215,15
1235.3916440188057,1751.1422743397716,15
1236.0981079675842,1737.9582982170489,15
1227.346226619254,1758.853383264343,15
1235.6325982513317,1758.5326610276163,15
1227.257522012622,1778.0679397766976,15
1237.0648644154912,1751.8051012876467,15
1261.684182591535,1741.1168675989682,15
1269.1636468224374,1755.527897993681,15
1241.6075525693734,1755.1528120832288,15
1245.7357082459025,1753.9216048995202,15
1236.844496575609,1756.9004023488599,15
1254.2838996870705,1754.9422035847572,15
1250.2949932639845,1758.3022462137826,15
1241.538064346923,1757.8986982802162,15
1233.2049437309306,1779.377174132131,15
1234.844519792301,1753.8950569044944,15
1255.7194942911426,1748.7714865980372,15
1237.33243949167,1761.5380410990786,15
1224.429781369109,1765.1519491112679,15
1254.4663652668696,1753.9996423820855,15
3000.4558051028966,3126.72286296294,16
3000.6755375301327,3138.1008828064205,16
3031.9366324798934,3144.4431284197476,16
3041.4678072641545,3146.5232441144435,16
3048.530161440972,3146.79641364629,16
3010.2544428968044,3151.7842079509905,16
3005.4839104727585,3140.004908893513,16
3024.71345078476,3135.3593562732453,16
3029.950003709715,3116.766772323964,16
3009.5311418273895,3160.634512345088,16
3021.3915917533773,3138.8017711738344,16
3028.48933211139,3133.249018522161,16
3009.165174739795,3144.8336993062276,16
3006.1238697899653,3144.612216772379,16
3035.0925249735315,3123.466607393271,16
3003.7023304077943,3122.4688966203926,16
3032.246920892276,3145.2598569339466,16
3022.2756301280324,3142.339913606841,16
3012.7204135782486,3138.516461371825,16
3048.1991034253338,3126.609490997473,16
3018.823162054197,3113.7002754162713,16
3016.6500462093886,3135.4324305168625,16
3028.485593276631,3132.889666139023,16
3023.746762154464,3140.1121448267613,16
3027.688660263062,3158.0182509719757,16
597.4134303612377,636.3620109290513,17
628.7596383262315,618.7303373982637,17
639.2788483397616,613.530152805049,17
632.6525033541988,649.8301810417134,17
636.4376774327177,633.3823047467883,17
623.8453533909224,622.9150920624553,17
613.8814228818483,641.5810146832285,17
615.520362567667,627.8732968718069,17
621.1282718963962,612.064681079424,17
631.2001947034687,614.723759850862,17
606.8612687200948,631.088558471575,17
618.9658583976939,631.7912015727374,17
591.601130090583,633.9309881720637,17
631.7442081834366,623.1531113016342,17
620.9632446994214,635.7487287592321,17
627.9681699802898,602.56715697983,17
643.2831382966755,641.9877510242592,17
598.6556172472166,609.4609508623587,17
616.8457877637325,617.1294413786715,17
597.7418332432384,607.8503645065771,17
636.8428831760102,616.1624997046017,17
619.0938623609903,623.8688566781549,17
629.5867070197605,620.0440974236714,17
624.1221539443554,602.2857571982797,17
605.6849833588128,642.4845861568313,17
2837.5365746936036,3909.5309384598872,18
2811.3937639204782,3927.691006909168,18
2844.4170955949257,3882.818603398304,18
2839.6118472974717,3917.220875124166,18
2834.6265022034463,3928.1705657457715,18
2862.329695838483,3913.0776682305095,18
2822.794299725596,3902.869012529406,18
2844.5084839676624,3918.755629692962,18
2836.2272573477803,3901.3534734567666,18
2821.156379654418,3934.0164659005814,18
2825.7012473363816,3902.6352739134627,18
2834.6041348257686,3911.9164535199616,18
2831.034075521591,3915.6753858519487,18
2833.5903826540193,3909.0739751489555,18
2812.2578575081648,3931.245250534941,18
2824.8471570276356,3890.0595002334367,18
2844.020795138443,3910.4440795108635,18
2836.0860976172066,3889.8849845818354,18
2841.02453474202,3895.100707901032,18
2835.4601010259753,3884.6252819494266,18
2830.701133775028,3879.696083991839,18
2835.7215396097554,3908.447138313701,18
2834.6589649689095,3921.564896099984,18
2826.598461373664,3906.3235592010524,18
2854.509696746031,3904.2730698643068,18
2130.762673538986,1627.9421247682546,19
2132.7268371724267,1621.2360541606963,19
2155.9401399747717,1628.250047204096,19
2147.305212148948,1620.5748181340189,19
2125.119920886119,1609.494325014952,19
2127.13978186118,1615.1475352583998,19
2119.259694535184,1614.4251172606043,19
2127.23564168251,1630.4545936393026,19
2133.3309911625583,1616.9758436716188,19
2136.713350377402,1633.3585799079715,19
2142.112105003656,1604.5846527834478,19
2114.6204375142734,1627.620896076996,19
2134.799648827529,1618.262901341436,19
2145.0730004603342,1620.1445441712006,19
2120.3697072170844,1629.4617543268641,19
2137.5651636340745,1625.4252921758364,19
2112.8715298166453,1617.6653233150976,19
2119.711720708483,1641.549085097583,19
2112.8295030699273,1647.2320833696037,19
2144.376500214125,1623.3128295982,19
2157.7395935076165,1638.8930897401242,19
2136.3660040710106,1598.2264209560667,19
2130.3245379392724,1638.322063622627,19
2136.0301569317853,1614.5735622925888,19
2127.5081159645806,1648.6969079731953,19
1280.7064576394591,3294.3110583018156,20
1279.123140808041,3307.4065338575733,20
1263.5813548917151,3318.33474733201,20
1279.127929015685,3297.2445677278843,20
1275.2777865121307,3308.6658126043276,20
1268.5626454226162,3290.7211010243614,20
1292.4501091550935,3288.255952878083,20
1277.8293262261352,3307.7933051213963,20
1280.1090155659917,3313.3720676182156,20
1283.1650442613015,3286.67585914744,20
1274.0654031507843,3296.6560471489593,20
1249.9793966300508,3312.6805596815225,20
1274.3702343342604,3280.87306462591,20
1277.8167746862089,3300.9702287636496,20
1286.4585813980045,3320.6772067731486,20
1281.2586406694745,3282.048783120253,20
1253.1499176538487,3287.1457372561867,20
1269.470907497581,3306.9974978026817,20
1254.0342333369779,3318.5227976778588,20
1282.3824623885628,3306.939567182957,20
1279.3250876332968,3304.9734541442017,20
1280.8761205532983,3297.177192957119,20
1265.641256162585,3301.094962357217,20
1272.7369953429754,3307.062758863324,20
1278.1862450237952,3311.2544437080746,20
2625.0803705254993,3446.47426844001,21
2622.0881836698813,3451.256366698321,21
2622.3012920605947,3467.4989579798744,21
2623.00706805844,3440.939399714032,21
2621.5520245466582,3445.4512240493045,21
2631.5375867733583,3442.511526671783,21
2614.781358286928,3469.6587410250536,21
2629.3743016309495,3461.7597988178472,21
2613.7299069719825,3428.7067167811056,21
2637.822069200384,3452.4698333703154,21
2641.2472182231554,3436.9236213704107,21
2657.1227451967457,3450.0406278425794,21
2621.6546019616035,3446.980041962878,21
2625.972628005518,3446.315463313114,21
2635.5476691561175,3468.2599585898156,21
2629.8465158071062,3446.5416932936346,21
2638.527624278537,3456.0561675653103,21
2640.7376130990874,3436.9851199297905,21
2635.8486504507287,3443.899492162817,21
2633.894826210467,3446.135008932525,21
2638.716926154771,3422.584950755296,21
2655.0275830889104,3439.9993869688833,21
2609.3402343517523,3467.9120694034286,21
2628.670831178764,3472.5888657750174,21
2623.978808103644,3463.641982220446,21
2350.1185417229,442.2519127247994,22
2330.5088314954755,451.0280723630591,22
2372.305237564149,447.9338485215074,22
2336.5793827957314,426.35207563612414,22
2334.509577443386,458.93094757074755,22
2367.3641293868504,440.3470480549892,22
2347.7314996910372,457.78727463726784,22
2385.511377809375,438.27714569148617,22
2353.679294423485,454.6462133060658,22
2372.8003595583846,432.71404643393987,22
2342.76926122701,439.11064956809594,22
2354.6317201838624,442.430094293035,22
2352.8164559441257,432.42135424855184,22
2356.0534761190406,413.8421612095556,22
2337.076040014796,457.14296570523805,22
2338.2769926978162,453.61789222151896,22
2383.425555573923,436.11150445192436,22
2338.759928660615,431.2249564005286,22
2352.215371023263,437.1847565086832,22
2350.4578911841677,423.0750096601891,22
2360.4920295775446,453.2934239696065,22
2354.1606561523417,463.91146023325985,22
2343.701531875691,451.86677889803735,22
2346.138284978754,456.3398321679694,22
2372.0085591516904,429.77645346685244,22
3091.585688522935,2130.0614649217655,23
3123.339278975731,2122.8219872776695,23
3092.825774566969,2110.5908167617317,23
3095.2991528806374,2139.8326499279383,23
3080.5546534024434,2141.905485180886,23
3099.1997955822962,2113.33804735714,23
3102.212208213869,2129.3020907765335,23
3100.9273562066764,2139.8072490865065,23
3090.2214488355908,2111.3088246121642,23
3080.4999159178956,2129.1698135034526,23
3069.044495427506,2146.6964805119756,23
3100.137261356514,2157.32117937338,23
3102.536203966305,2142.180833460345,23
3101.333483381353,2135.5341259413008,23
3084.0977867572374,2121.7866607420115,23
3120.655402843649,2141.2419017271677,23
3093.289693619241,2122.5893683121176,23
3090.888241020806,2131.9984053928038,23
3104.7685738166037,2128.5241983664323,23
3116.2588289391365,2153.4174031039975,23
3101.5609518215288,2124.250565501965,23
3097.537320683095,2145.60121879976,23
3074.83385175682,2131.476239983828,23
3085.2590041420267,2122.1387392762645,23
3093.4645607338475,2132.1100482748852,23
1392.5963528741788,1040.8303403016432,24
1393.6263895823092,1046.5417139973888,24
1384.489389060986,1042.8759440858794,24
1389.5777038295394,1057.7244682177895,24
1378.6762510583171,1048.933917180582,24
1399.739902724815,1039.489941914377,24
1357.8697585642958,1056.1770167737816,24
1378.762717015619,1045.3999017338738,24
1381.0046404471386,1066.583173718029,24
1381.1433627507847,1075.4560162163652,24
1380.3915353532623,1046.5241737730896,24
1386.1249430771334,1048.6910890425843,24
1380.9976224505515,1041.0202573772344,24
1363.6524099110372,1062.3908112853235,24
1378.860307791541,1068.4518280391464,24
1368.8302102425198,1052.0150902685436,24
1373.7412738388323,1042.3144686588312,24
1384.0782726241548,1038.1438976844493,24
1389.3720721564443,1060.2094492024012,24
1391.428434581839,1033.15761403288,24
1396.03110579486,1026.8953055165618,24
1380.6365652376253,1043.9477383703904,24
1382.81090902438,1045.5351304932237,24
1371.1418657658376,1028.4884155861773,24
1390.7865817266834,1039.73525042792,24
2405.5974130344007,3619.066748347761,25
2415.042644498296,3649.3681985282715,25
2402.31675983131,3634.0637960677695,25
2401.423854640767,3631.611848376385,25
2407.9871788615906,3617.6946355996797,25
2388.110264402584,3643.7521151501683,25
2398.4631199608425,3635.448910073767,25
2386.1047640394613,3640.510461242873,25
2411.4806775531524,3631.9409051561843,25
2406.101836181286,3657.1574474770973,25
2382.36302572611,3642.223810242177,25
2396.0095195882473,3661.039528220284,25
2399.607534192011,3634.2511740487203,25
2392.913717464654,3630.1057384331225,25
2392.994412702874,3660.959395165687,25
2403.240937552984,3634.963798653931,25
2418.007598463523,3616.713591119749,25
2381.4529785128734,3615.5993068244256,25
2393.2272074750094,3637.337517054738,25
2404.745991744154,3633.8530119977745,25
2405.6461996724606,3632.652984359375,25
2377.0019331527687,3623.6688985277065,25
2393.270394159278,3642.7624515321263,25
2397.389904005948,3636.81480215463,25
2402.3771148614487,3638.183236221488,25
1590.659364880716,2326.3501850185594,26
1597.873516394174,2327.4774862796453,26
1589.7712957160636,2339.4501623965843,26
1601.1703873293047,2345.5955339928496,26
1609.5485127713189,2325.755542673564,26
1599.8174248894268,2332.091413136884,26
1602.8798742404595,2328.834688237986,26
1596.9080054482308,2327.1204089237744,26
1593.4358410172106,2307.9544079368593,26
1610.4448174230356,2347.4467304028185,26
1605.5056560561568,2316.4952822471537,26
1595.3345583344974,2321.7094299810688,26
1598.3825042964284,2324.18107912753,26
1597.0780899436577,2325.205091893332,26
1609.9378493746012,2327.5476521221844,26
1601.470408500896,2335.7043608603944,26
1625.185307051738,2321.378870189732,26
1588.0032135089214,2326.444855226273,26
1601.0661812063645,2321.2373376955697,26
1588.0135144496883,2323.8764949070924,26
1588.931663056795,2300.839134104052,26
1598.4785743165703,2337.954991174842,26
1601.4444720360914,2326.17053829406,26
1590.6393707137304,2303.7193319193393,26
1585.3211574197248,2302.2265195684827,26
2745.3690494297234,2999.0202639227496,27
2753.5081105251497,3019.936852538953,27
2753.249207519495,3021.7191005327277,27
2746.8102903293743,3027.4065045742977,27
2748.300130884801,3021.0312167956217,27
2744.2518061606506,3027.261472968272,27
2752.8909629244195,3039.055950855662,27
2751.179182909489,3020.933012969898,27
2758.534991525665,3033.044508605618,27
2760.1412368677466,2999.776333382648,27
2763.0237869123775,3021.940216398394,27
2763.030810230032,3000.4528285097585,27
2751.0791323489416,3024.275863554776,27
2754.405211569571,3015.6793874687082,27
2779.145748391543,3031.762258720995,27
2728.6837001461067,3010.9075176578967,27
2753.9622365496148,3021.864367602258,27
2756.9291152404858,3022.6779213433674,27
2757.8106333506453,3046.5200817795253,27
2745.6420797435458,2998.737359088708,27
2755.3810586350473,3020.972344338805,27
2749.7524855155007,3021.0992028891555,27
2749.539360209807,3030.4882322432723,27
2756.3011865414414,3017.1752413737554,27
2743.360311944304,3006.4308526413106,27
170.80886107458755,3331.013311453513,28
143.792643911489,3358.6126236397977,28
157.81472655381097,3368.210178143206,28
161.88728036829616,3358.066585198086,28
176.991005125244,3330.274116877256,28
139.5470997543254,3357.0098538730367,28
158.4910254830081,3341.021976554817,28
143.1408506286221,3330.6429625255028,28
142.32372257837804,3352.487295290088,28
157.34122714906437,3341.016025010601,28
170.14478635184992,3327.9079741528612,28
139.02550275122138,3326.825533541185,28
159.65674031607398,3341.5901597230472,28
161.40475051389785,3342.162841379202,28
135.73360536515406,3328.064302910468,28
143.1763261234595,3352.6364328872746,28
176.01107925861442,3345.6908310570498,28
143.87287367019655,3323.4749215842817,28
130.53785907108283,3336.5826620343114,28
156.26562954524064,3342.0780607134816,28
170.59768386172155,3350.008801883102,28
139.31397680517412,3337.1911192504285,28
138.40962688991624,3344.056721000653,28
139.46645677441296,3322.9138893754043,28
129.33345185526838,3337.739755803986,28
1301.6886817682564,3071.4920564392014,29
1314.74170015642,3027.2707164994545,29
1309.146603375591,3035.6824203509223,29
1300.2349195370477,3052.351062995536,29
1304.0145978578296,3055.6873270355777,29
1303.0822596132211,3046.19755052474,29
1318.3702871367705,3054.04438902534,29
1308.406805864378,3056.832309316042,29
1301.3083363351057,3028.7942535804805,29
1308.7389317604661,3049.146663532481,29
1294.120891116498,3065.3878981042226,29
1293.1418361882647,3072.0202278021447,29
1311.6115605822094,3048.179163347968,29
1289.4981522069415,3048.892268710052,29
1293.5617346756387,3037.080261588546,29
1298.6485656570278,3066.7233211155476,29
1302.9769591885145,3053.4254006744454,29
1324.923665149364,3044.228033420938,29
1323.3206423642162,3031.844569507622,29
1305.9639562732968,3053.0594430477163,29
1317.5488952086644,3049.1998543764444,29
1322.9190082197827,3043.2100911936272,29
1329.0858455398734,3043.1654807299424,29
1308.2371394304553,3050.041211221116,29
1300.9786897968438,3059.2181370953103,29
2158.571936286908,3371.9145858948878,30
2168.79834989263,3409.267412477328,30
2181.498518265391,3379.692304971916,30
2169.5942203078293,3389.5867023174587,30
2159.9848696606323,3391.262961888702,30
2158.2672174384234,3406.955301584201,30
2162.998896113044,3393.305070523747,30
2157.4741538891876,3391.415861494241,30
2160.564068630386,3397.541716079979,30
2160.3375505965128,3391.2474879384645,30
2155.321639555891,3368.731386729241,30
2173.499542113183,3395.453641612844,30
2165.643358065273,3420.447545703556,30
2138.9964698761914,3405.382814530858,30
2165.567581966842,3383.861034253215,30
2172.4395713044237,3410.8136144371083,30
2172.136316077177,3389.8029881462435,30
2146.0275456198783,3390.450564114202,30
2182.242728533649,3389.5244521823,30
2156.6023706371866,3404.8877463655112,30
2156.3645763204413,3377.623830608922,30
2173.068451744813,3382.108649495388,30
2161.465722768789,3383.642303611908,30
2154.224199928617,3396.464283401491,30
2157.4235486148123,3392.3826275283122,30
2222.6459670850795,3684.9280863162367,31
2247.1791002750565,3692.463520767824,31
2253.1673646525305,3668.1319791886176,31
2231.6476961623907,3673.7498700514934,31
2205.888442801857,3677.8505341914774,31
2245.6788999926785,3658.0538622440868,31
2244.7219429192537,3662.1637726667377,31
2249.488597594248,3667.3266524127625,31
2237.610938746995,3686.909819747461,31
2231.1720212603345,3675.0330923422166,31
2231.069561088739,3706.069829496611,31
2220.066883291741,3666.8851078495763,31
2235.0258551012926,3668.093160184368,31
2232.2290199322197,3676.160127612535,31
2229.739894506114,3676.548792661941,31
2234.1539370256282,3699.42680123606,31
2250.7188115918325,3676.5892317724074,31
2228.35085706107,3666.5120314851783,31
2241.070328518402,3670.200223399247,31
2219.043570230996,3687.247786217019,31
2229.5501252846257,3685.8701341656874,31
2233.1724785971173,3672.2690125190948,31
2253.5741511932406,3668.646888945528,31
2207.0431340661526,3663.7446316911783,31
2225.9239167521673,3682.425888671094,31
1559.1150194485647,2247.6022876009715,32
1581.775551235827,2232.825333753954,32
1588.7956936886833,2228.539760601136,32
1577.1938788092034,2220.632145634874,32
1580.2044384980043,2208.6901884511117,32
1582.5810028542437,2231.9491741566035,32
1609.894928404936,2225.5791971245403,32
1572.716202461483,2225.073630320794,32
1577.2432925221492,2254.7994580435275,32
1573.6183935419053,2233.394132495908,32
1594.9393135974547,2236.957127744102,32
1592.8993927295671,2219.413187109271,32
1589.5348578441972,2233.1117052924033,32
1582.0733988826598,2237.2955149660047,32
1591.5662333577518,2233.751110356969,32
1575.204627064014,2211.624590758404,32
1597.8295770379086,2251.0397043594935,32
1594.2244060581033,2210.003179201207,32
1599.6913524160636,2209.7746017820027,32
1579.0232060480967,2233.7377268813207,32
1596.0266569861265,2242.4552919378843,32
1569.9193056263612,2241.9778344379397,32
1588.7489607380774,2211.492319094383,32
1584.0488117001423,2231.3188481573634,32
1612.3992845137445,2242.01071097776,32
1906.2253108434518,2138.233243090706,33
1892.1923350426075,2105.3991788183157,33
1873.9592534209062,2134.47446090688,33
1884.0170493171731,2123.6996113059363,33
1872.3727689835764,2122.5235508957708,33
1905.387374511327,2143.038994670573,33
1860.820240740826,2114.208932148875,33
1869.6654110826282,2110.4046474676115,33
1894.4688476637725,2114.1742531386367,33
1883.5457516928066,2123.057424318356,33
1880.8430276468332,2124.5752966863597,33
1893.0590694415826,2115.701270687,33
1872.0498740405242,2118.997617739988,33
1911.078556132219,2114.219460977132,33
1893.2330374353833,2126.1997336913078,33
1877.247644381495,2125.82857470125,33
1866.6051261105515,2111.2945548839484,33
1900.678144974132,2103.425622497689,33
1887.863206528531,2101.3052493587675,33
1877.688386470116,2095.8067146398844,33
1914.3538970563993,2132.2007850690948,33
1885.7440377714674,2125.4485893557176,33
1909.0272069131095,2112.4216521948997,33
1891.827597353523,2140.29982362196,33
1888.2209580991562,2117.7551367924502,33
1195.0546491229463,1897.2353736682799,34
1196.489731454623,1898.0131308141845,34
1201.8168061682577,1886.9784767124884,34
1195.5643791773143,1897.3278447063926,34
1201.8806877452691,1871.2339642053723,34
1179.6552785485044,1899.6650526139535,34
1171.6157764705345,1911.2083579157695,34
1196.268396946159,1903.2822060952492,34
1200.0373877446239,1900.4368553511256,34
1198.148634108526,1898.8211345301218,34
1209.24925302563,1905.965434359193,34
1191.8744463759808,1890.3022491572906,34
1204.0912230573015,1909.826966640761,34
1188.0125934616658,1919.1326539347183,34
1190.526837396245,1899.4561772356062,34
1189.926190869709,1910.4887453028243,34
1177.6747792085973,1919.3978179299213,34
1203.835745960419,1874.091685961285,34
1178.928322664805,1890.4826072008907,34
1187.791495408338,1901.7764433629752,34
1190.2669215621981,1891.3035863137816,34
1197.5064353314706,1897.018812614602,34
1199.6047960385172,1889.594837047666,34
1214.2912612601497,1912.5499414159463,34
1220.2588331293553,1894.3121903169426,34
1940.639940761321,985.3780712119849,35
1967.4398193365912,992.646457227672,35
1961.2039341464294,971.2911160938785,35
1957.172915882373,974.7432312667795,35
1963.2014867592009,959.1117534319782,35
1938.8703048304046,958.1860928474717,35
1977.0385464889064,966.2539188478968,35
1957.2968063195192,967.749825626788,35
1981.115099259563,964.8046628531309,35
1981.316402623314,978.7613992012238,35
1946.9376461372283,958.8708315661995,35
1961.2794653712215,979.8950546722155,35
1964.0668626605843,976.6253936463202,35
1948.6658685140217,965.1554659313142,35
1951.5514405903855,975.0190000334914,35
1956.379928291892,958.6240603424955,35
1966.664603817344,994.2569141843301,35
1961.7438980797087,979.374388269446,35
1957.7905333921826,980.985719902102,35
1956.7293844649957,969.0971633602135,35
1931.4621395403112,962.8103321360084,35
1962.617656086841,954.1086250463837,35
1947.7199288635784,967.1162330977415,35
1968.1648779876468,976.372844424389,35
1948.4750938940338,975.35072834125,35
3894.425299227283,3407.7444117467876,36
3900.3169208358404,3435.922407100673,36
3922.395201656162,3452.4646972278006,36
3893.902624234627,3457.836134240294,36
3893.954394995606,3438.636926168349,36
3918.4127891112507,3456.4335583095126,36
3899.1694870367464,3432.7023577635646,36
3915.3711619669425,3410.486681304446,36
3898.792627208605,3448.188697653048,36
3922.660771774687,3447.3189327637315,36
3911.388725325975,3462.1520230197793,36
3904.9439815130672,3460.3878003732307,36
3912.897763865416,3447.175724167273,36
3899.43663786233,3439.8122236112895,36
3907.2207127804727,3431.6238847180502,36
3887.781961866314,3458.6845179415186,36
3904.731862696535,3436.338546088398,36
3879.2835304698538,3433.1279436048626,36
3907.4375904657563,3438.7634661022635,36
3886.9561676713743,3411.6904729194935,36
3910.5907377525527,3450.46539802688,36
3904.5490009119,3434.260755264335,36
3910.9291699032005,3410.6425768590434,36
3912.2168937880137,3432.3335793301158,36
3877.926596376726,3442.940264596756,36
3882.4930243575436,1266.3063185158046,37
3884.312534704673,1282.2846481054612,37
3896.3730263516745,1264.9425137909045,37
3896.916523722515,1275.9347977640916,37
3881.049007391507,1268.830676499016,37
3891.0596633251957,1276.4721278491738,37
3918.305685479993,1298.7086408741166,37
3896.293300277699,1280.5423408812853,37
3913.3546237916694,1297.9328581262785,37
3896.613765798196,1291.915202018707,37
3886.9456418696614,1278.4068367668713,37
3877.880721332385,1290.1869589155592,37
3893.0945546675243,1304.9384265582573,37
3869.316246868086,1279.8536129809277,37
3907.14622656382,1274.7457697010861,37
3900.6758237422223,1286.3557185769455,37
3917.9893820460197,1292.724803681599,37
3890.957549767831,1310.3068606635766,37
3885.2995154499754,1275.0210367253208,37
3903.7339612815504,1302.6984900216878,37
3897.7246899889433,1284.1900513587846,37
3926.0720835491074,1281.121048536414,37
3875.315259798365,1299.8060033508716,37
3888.7065134532186,1279.854195269617,37
3900.362054856434,1272.2151163730907,37
2895.580965043405,328.3616834836897,38
2887.0631208583522,339.649053198726,38
2901.2623566952734,335.85128359744823,38
2898.9255447046835,330.4452097381882,38
2906.2332354614296,334.22930064723926,38
2926.615964576523,338.6690919697003,38
2908.397822070199,333.97117629298924,38
2890.7312713862057,329.73813163303464,38
2889.7850707788766,318.704003253861,38
2884.5379939339637,352.0608515901071,38
2872.3989890080647,331.90571034506786,38
2884.987604182225,348.29685600848995,38
2910.0011365573387,345.8955095651374,38
2930.1683161238525,339.9223318183443,38
2898.140072941084,336.5224574090421,38
2906.3067462073213,362.26614037602513,38
2906.3316337802517,338.67962745902855,38
2900.7739232220383,338.8655420502587,38
2906.0435766813885,338.801296003621,38
2915.450266111936,336.5049157693253,38
2913.412042251717,322.3673084381341,38
2910.6411750430007,368.2474990318557,38
2922.0399950162005,334.4095446366194,38
2880.936152874501,350.67719065570014,38
2888.5055903940256,345.60404773057235,38
1757.015493287853,428.67722008112355,39
1719.1322669984975,430.22006468552496,39
1735.6916091710252,388.2921485879339,39
1747.1962325021755,435.2626826070534,39
1730.954393963211,421.28068495531375,39
1712.6426593781716,425.53300647938624,39
1742.9027246689009,419.83737634768545,39
1747.7668263062274,394.89683193525894,39
1757.9273236137271,411.63315330209286,39
1723.2963179109674,437.75484330401946,39
1735.1966893873876,409.3069715444987,39
1727.6545177754851,398.9267499937291,39
1762.5809819868937,400.6905451914977,39
1738.4459566792273,408.89359767028776,39
1742.3000638181636,441.4411571061976,39
1719.7771053716176,421.4761790958433,39
1760.3622239946467,392.7215206281765,39
1740.9793722948134,416.411655971286,39
1743.387407943224,413.3658136158318,39
1726.62574439101,431.7117636829127,39
1728.839020277431,391.24168103543707,39
1754.549210960711,406.658125300446,39
1741.793272557887,421.24827862406727,39
1740.4984160684123,413.64378441879177,39
1727.1184342359138,418.22777665696674,39
2901.616598684845,2391.4041732018754,40
2885.632468916471,2384.0818438649594,40
2913.6748105553684,2376.6005820473847,40
2882.6903293736254,2356.511733857168,40
2885.605524523988,2378.3683495409928,40
2869.638553608025,2407.7145450305916,40
2890.3024345468634,2391.7035606685304,40
2891.42225539648,2388.809278271575,40
2891.3446815234793,2371.0816313115542,40
2884.064130166538,2375.7659860675635,40
2893.738200408982,2380.0079036750417,40
2917.2155111917687,2383.05809368449,40
2883.9265544589307,2381.817474536932,40
2879.609789662505,2392.8356404842148,40
2873.929355601267,2407.465760872804,40
2909.25468093506,2382.5954734571037,40
2863.939255115974,2384.3579310528544,40
2888.5627555747383,2385.6242002620756,40
2908.0298710179773,2386.244570439521,40
2896.197253484331,2380.673468826694,40
2884.1398993169037,2369.368328446371,40
2886.58964030111,2382.2233131290586,40
2890.665215047461,2409.620849723576,40
2890.8828892663178,2369.4330236080705,40
2905.8166368935517,2388.7879564526693,40
388.67194321104523,3439.8024919659606,0
1065.4879004186255,2351.771653419598,0
2017.4705046040992,2697.461909570537,0
564.0268526936017,2229.4433530277515,0
162.05669779216424,3902.177742860306,0
267.5041752018981,2015.0004482725922,0
3982.459236316921,1682.539211105173,0
962.1278598915164,3693.907148207808,0
1294.109111216058,1878.8652966299378,0
3414.4893501085176,109.49103824243878,0
3208.5461753592404,1871.1573493062858,0
1348.3424607613824,3219.422698822126,0
2289.1495868532015,2227.6538346409047,0
702.9386315081978,2720.7168050861637,0
353.37663889845936,646.8350666489915,0
2257.415970966394,1248.3306694445523,0
2992.2263518851,1563.580889245157,0
2804.7136058089036,2257.887879246084,0
677.9940142352175,1342.356517892358,0
1223.5896698790941,2243.173327647048,0
2863.807175665986,90.42863438292059,0
779.3484608818053,597.525421120722,0
3838.7205416330667,1763.5662899860818,0
744.1957366702869,863.6596942688599,0
1257.0946764904468,765.3630559152091,0
3450.5639990448785,736.284224174355,0
3505.5540279045454,1270.6059206659002,0
2439.4423941698697,2275.845933551398,0
2385.2044638288303,1626.1555614171916,0
3822.580976892734,3669.709486485152,0
1996.773346029177,1826.7165131583981,0
202.05327210940817,3998.248426150782,0
3323.639425936329,1255.9516063614028,0
3690.470439565763,135.31117724021956,0
784.512824347122,2438.464098668606,0
2654.953558315531,2738.9303923360776,0
2445.9076473243376,2406.0850566721233,0
1363.0730378706417,1196.3907460614976,0
762.4535407592821,597.3521289077626,0
2495.6948323245033,2955.7664077050063,0
3439.6453219666905,2061.346057130088,0
1536.573944744827,3944.0965636238516,0
298.51039536903426,55.27373795537649,0
2519.785659383992,1866.6815555734177,0
120.52654932584295,316.34939088168414,0
3816.2341803005656,3848.5752176532746,0
2047.5882535543356,1658.748854884541,0
1686.4507733620164,3057.529650730617,0
1835.5692624209316,399.3394055710202,0
2930.2749508009333,3490.5078213448323,0
2126.8676362438155,3043.6578518820074,0
3631.132825401376,3671.077779283212,0
3154.7174315484594,3570.9141191470694,0
3113.5891336494883,2571.9197900868567,0
425.92729887780933,166.95523616943842,0
3876.598700298297,19.57887099227884,0
903.4399849767798,950.4429269383161,0
1995.1383681489099,2973.6923235389418,0
1820.8350086944924,2868.1932572999835,0
1691.6532671704329,2591.8158073076975,0
954.8555911421164,3454.4392308869274,0
1954.7735591093622,556.6411741789472,0
1288.7705495782075,3765.1579590268093,0
87.54740075717926,1880.3113629134466,0
3556.213845460616,3811.0433405205376,0
1173.2415630341532,220.4341452413887,0
916.9286999582797,1572.852782644424,0
2646.913297223359,3552.9663262121753,0
304.6755654474085,1559.0713038522258,0
3281.963882230151,1944.6612173397605,0
3382.498016306827,3947.492150123609,0
2017.0004950401599,1215.6507890673156,0
1390.4951373925512,1439.332228614583,0
817.2006952198285,3289.8457734145845,0
1922.2349741576998,2934.635513878133,0
1295.79941392895,2926.594828425391,0
1932.4827569108152,3382.1622599890434,0
3995.2961411439774,1447.8889405769828,0
3641.3857621176417,573.5772330556879,0
3353.2851509629863,3074.6048088199354,0
2060.1741255652114,447.0221843038402,0
3752.856336534625,2116.42705695333,0
3234.920536309879,2199.6054626282266,0
2039.9360839430626,1327.2015212677136,0
830.284232887668,369.03719647843093,0
138.62172898304382,3074.50604220901,0
2088.1608870138743,3730.2677002342657,0
3314.7672378595194,1399.1023117016184,0
1543.009456402244,61.19988757608308,0
191.09668403725345,3025.7961759788222,0
3018.874395914114,1417.6963266776652,0
2580.8350363673358,2277.7973759518104,0
307.181374044732,692.228450619742,0
2381.3964364651038,1766.9728200785878,0
2783.660460030767,476.6622997157901,0
2519.115520837275,1666.0771386630456,0
3697.3410112274246,2418.9889529465986,0
1829.5567626644956,122.40629230380674,0
3125.853554820943,3327.3494828215644,0
830.2776302657078,3542.9535266406865,0
1383.9667074417066,2561.5715075928933,0
1580.199533809917,3687.8195204809062,0
279.79004650250073,2308.2931625200113,0
559.4599339977595,3804.4202538411755,0
246.10333596299094,1349.1429017082385,0
2902.3629317589603,96.89995174943621,0
1071.8354910256617,3574.041849126064,0
1772.3894783411183,1591.1547809274805,0
1332.5162043641692,406.9343935209102,0
3979.997162043192,1636.570475000338,0
3328.616867776919,1359.5991819068129,0
2035.1338799655018,2005.415278936291,0
135.66142546978588,1563.400535279396,0
1642.6873789813437,2467.8717863502575,0
3288.5571810248334,2444.6676240656925,0
2298.2122562744776,3872.8949106359446,0
2890.5459472092657,885.0308430089249,0
2542.026849288157,2299.2469944166037,0
3621.126502214418,3669.3305799070536,0
810.4047490477582,3350.1592859715515,0
8.031490127714314,3166.940337498613,0
2318.056274455638,1979.1560507614095,0
3837.3399299939992,1387.874310924472,0
3170.4073281426577,289.28160966514713,0
3825.5588771016623,325.2335039822869,0
3830.7505423250423,1219.4716698996522,0
2548.5136476913412,520.437077887181,0
2491.271132651253,1715.1688678200546,0
1314.350609746426,2492.624931267415,0
3215.130124992556,3964.237834797979,0
2668.421923335288,1969.6521393387748,0
1625.4843232659466,733.016330788335,0
3958.82094985976,2846.7360345318775,0
2268.1716815142463,3720.45218124324,0
3644.5555009881755,3138.452153441842,0
2748.418752168875,436.9259777897598,0
284.8215065484219,3097.627781781419,0
2974.1418591330043,2287.0211031601775,0
308.46249891986275,2858.775644047026,0
433.55290934824933,2683.370297457428,0
3411.7459378331596,1336.0458485761058,0
2074.979250349827,388.4109911047315,0
1616.6877345129938,573.1884186828,0
157.06364566763753,1979.725871403141,0
3399.258369432529,3266.3915198042087,0
3985.8422985271436,3779.1944361453193,0
3117.119457727772,390.57696909118266,0
3449.5137420346314,2882.132643107402,0
1272.4002535653235,468.2544107784463,0
1094.054291451153,1626.7510531913777,0
3887.469228105794,2085.9962774535575,0
1482.116102940984,2005.1319292571127,0
2782.2389523215493,314.9389818938233,0
40.53988661204188,506.62718374547524,0
3541.802713307985,2154.8620741010827,0
1830.1830620764927,2382.6451969131285,0
183.0273862558025,1638.5226298284467,0
2270.0455409643127,2384.6464903000237,0
864.7177128046404,333.4827111106966,0
3893.2983069551096,228.04045080563907,0
663.7495707986418,2353.593212326873,0
2274.136495316167,2438.849069350864,0
3001.0771066479115,1190.4437072996554,0
1175.5147552912742,1921.6707673403555,0
1216.4787623878944,3453.781359562252,0
3245.810695511422,299.20412712326305,0
26.959535299059034,2459.8620697786114,0
3314.454028310414,53.30001900230563,0
1127.246781793112,3996.722523708851,0
1064.5167137924195,2309.55772611629,0
2857.57683379434,3749.6652278207766,0
3.480918066132155,1525.0087405142558,0
1401.8272226190777,2397.153874820919,0
1534.5566733923963,3862.041537191909,0
60.41227176983233,2816.416484449737,0
3601.5637057049116,1465.600438659779,0
1357.7423491944555,1388.6201760963086,0
2762.9682890991103,3579.862850852936,0
2657.7697154172974,3653.3970187914474,0
1740.473220770137,2620.4373964691285,0
3717.594893454205,1357.2123607139806,0
1284.183288532852,1660.1794369246415,0
705.0854465180385,267.74570110222,0
2494.348840338044,2453.0219064425532,0
2055.1602027381173,1991.954937358898,0
2138.863932850797,3272.965220059815,0
1264.8295353469612,2723.20537689065,0
2826.4391956681934,3488.5057417834482,0
708.1375381712988,728.3248259417809,0
1748.6561870259138,2179.997246435863,0
1552.8145464125175,13.187530036118833,0
3960.373363355816,612.5793053341058,0
1878.856071832392,3835.483258355185,0
3262.3301502337185,3451.374700380521,0
1075.020203575252,3548.5323720415336,0
2981.3329641933497,2347.711340550872,0
2340.406114678147,2868.388293851448,0
2702.491731395179,611.8709095137813,0
892.2763760128767,2058.4993799189256,0
1045.6466672757401,1124.584223458504,0
2165.370467322882,767.788348421881,0
1964.5696130405615,1345.6951092956824,0
224.35368668030708,2628.6172503739863,0
918.7912590980143,3175.44339532917,0
110.29198593206324,3250.977628629146,0
647.0349724794415,1908.3024609990935,0
245.03331490433044,1607.8258034875862,0
1477.3937168132968,60.3444379212279,0
3756.3312778910645,1143.9619620858377,0
1389.4845492091843,3889.902350192503,0
982.7063495450203,3918.124591015715,0
2910.181967359627,191.048507420009,0
949.9314547029268,2622.381700673588,0
2674.7035771706496,2795.67139889604,0
328.26746647173934,2230.5604007427064,0
2575.992742750256,3855.6556868574253,0
1970.7954855318376,3594.429376319855,0
1285.537409043883,2721.7899870709866,0
2936.923559409013,2678.778905950907,0
2088.410220850699,2321.9264649685624,0
2468.6520396062506,1569.7279027258767,0
2583.4234683524637,3363.7061910698853,0
868.247348707289,2231.4352915558384,0
1922.500529797455,3526.9873046233656,0
1576.068024447522,3670.421468306418,0
465.92534467948485,3587.65319786367,0
525.5604530294988,2742.618475462943,0
3799.218956165715,3465.0725281779564,0
375.83956606864757,1335.0186047631469,0
3747.6969398550973,3985.47963285539,0
1215.7435190901213,2295.141496223066,0
3825.1532315991826,1638.6683752230615,0
1049.4910661959475,3220.376568884028,0
1724.597805528394,65.22925909331745,0
2623.0068531868146,892.6449703504873,0
2114.607241703483,1877.810687354949,0
3598.50530278226,3944.0856464557087,0
1549.2362097905589,3935.2479512140094,0
3305.0526692245967,3241.5072824982003,0
3588.6783247994663,2975.426586166356,0
3636.1295381606897,2987.5422889887313,0
3410.7451851346336,213.40865716478197,0
2536.5643335138443,3563.500337738274,0
2720.8965745783403,2303.3029554923874,0
1770.3077786570013,3616.766223726093,0
2494.2503019803967,3808.141571203131,0
1249.2261432143566,991.5463971108309,0
259.2580408886116,3085.212517626919,0
888.7872004247348,1494.6782888171656,0
966.3726455518415,409.7936100578314,0
414.3749906133247,1122.4798436463375,0
1378.1827943998924,1900.736424976976,0
977.5221077076037,2069.707487944715,0
2141.661618283154,3981.2423860408476,0
1514.9643290649428,1021.9211619451806,0
387.5713025304903,2221.9096364375646,0
1375.9094262603173,1627.2432669029406,0
3559.2303338856223,3092.725420734171,0
3722.0357099880257,1871.716121994113,0
3128.1635986622637,909.1707430564497,0
653.6045612623877,2863.9941786707955,0
1857.6277111289046,384.22992015101977,0
3491.9009843647823,1862.5774072084268,0
1686.6147378748715,205.23403142429908,0
990.6061471447769,3909.6635794254967,0
299.29247445613873,2236.2315912381437,0
1614.1063458248316,1432.6461079105468,0
3400.608364929521,3657.889761505183,0
3307.510162063116,1594.1048171965008,0
1082.4971866304174,2197.794770629548,0
2623.0031389302176,694.0534198506682,0
3261.9299696805556,2733.6070693353595,0
3178.569228755188,1446.0167677709674,0
1950.9347407961104,1771.178106071833,0
3622.3954767235336,721.8368309430523,0
1673.9939677586624,3791.2566850753424,0
1046.3825124066432,2915.3230358952,0
2479.9440332910135,3786.1495999600306,0
1809.121787590449,2972.276953781095,0
2890.1598450336573,659.9915972525121,0
1554.1384101057226,196.63214974407816,0
1572.443248239139,1665.9718161678577,0
849.208994457626,3767.4867522133172,0
3492.9723562823033,1230.2635174593886,0
3088.324115974692,1983.1660590598156,0
3895.729276201197,3240.999095266585,0
1951.1486925163583,414.8460470749149,0
1160.7013609450742,2406.87454351314,0
3691.4973350206487,2335.340398368973,0
2030.3459295899745,3465.1747219184977,0
2502.0586314337,2051.1407435857695,0
748.4412776278023,874.9138728228294,0
1788.7971649890048,3869.794695446933,0
3940.0990909969955,2598.605087188913,0
3575.185453756708,427.2954910577233,0
1735.5016340481484,2281.1304099935833,0
591.8091934653864,500.9691163919938,0
1742.4010551070785,293.73042932725957,0
325.46492398075566,896.7414143138179,0
3519.752157812678,1043.9366377901852,0
1888.3110843119312,2328.4317398300286,0
3864.5742122559004,2418.166311356033,0
549.3815493719846,3066.1479855028338,0
501.34859934164047,3986.5867075962046,0
3380.88634424298,964.9859294793113,0
2098.204648845189,3900.5905163560783,0
1539.1688753594308,871.598070356137,0
2610.356384228678,1593.8917975854197,0
2073.5969974180002,278.1895583450247,0
2275.0162130553445,504.0480740887623,0
3970.12907088864,714.3556479380658,0
953.101340825397,399.17457880137385,0
112.80499321589011,88.61046396104788,0
3475.5619931446663,2210.5869985588038,0
604.8107040875839,1802.0280592678396,0
866.6434961366649,3774.08730561945,0
2081.9148664593417,2519.7602140373847,0
1704.7200908027694,2127.567678805695,0
2064.142339360401,1215.5987201912585,0
2647.2715649472125,1030.9829431795617,0
1280.5149274373061,1056.6736071609419,0
1500.2322587875803,130.378780429814,0
990.5008119882233,3237.117331105071,0
3005.9926809569974,1643.368779454049,0
1839.942226204279,2876.1275515587304,0
1931.3987878970518,3730.260082089903,0
1619.7487767842058,2748.6672192286223,0
2889.331313655409,1853.1896808358028,0
3191.257569763397,2755.999453086228,0
2669.2096089609563,366.99504176831164,0
455.6613331797199,91.66684749667775,0
3105.2416331078434,3055.811641638016,0
3464.718933623675,2202.6912220428685,0
1871.964863507988,3103.244204848437,0
432.30158875533056,3526.32740684147,0
2317.45565918508,794.7277086031561,0
1299.9488392538683,2077.4985465693935,0
2161.3203467089897,345.57800491043844,0
3218.132302230853,1929.9360742890096,0
669.1786132747079,1271.9462281111337,0
3369.9177431411936,2583.0592416250165,0
1265.2320559779291,3018.767577535815,0
1621.8907984010636,3933.1872127899946,0
1641.990158728849,2695.3542010250435,0
1761.185246073639,2322.3591829646234,0
1151.4786910164942,2094.1837164698886,0
3572.310400724992,1768.0130928441672,0
1313.204998369568,3562.0858650152595,0
1814.759198562446,3370.0972008669382,0
2466.496462640275,3447.414201578441,0
2535.9881961648957,2214.187175422053,0
2421.859293141298,3538.311988347888,0
2694.3018195457375,3153.9342547387814,0
780.5856491773513,2885.7188552825132,0
2705.6569406161716,3490.562041462564,0
3545.3487940085233,3190.622283160794,0
1265.2069472845767,1859.387390962722,0
595.7341230460158,2161.098638345165,0
652.708982787884,83.30178709602399,0
1786.221099347547,822.1910073676381,0
3052.0905268240153,639.0592925861652,0
3101.7713202071445,1857.3555848377944,0
470.35722736199625,646.4246392487328,0
2278.1810441678726,3693.0800407766155,0
48.67879808062803,414.55811033361067,0
1312.7426382951674,2102.417978601061,0
1317.324899392387,1555.8574854836818,0
388.4896152471948,3948.608776254379,0
3678.6548369740076,1863.6298036786595,0
3527.7397586458674,1057.1697686830369,0
3462.001126432065,2501.9945735052647,0
205.8125739912895,3147.675700178741,0
864.7092762321366,1364.3645374233154,0
210.76170562358686,785.6285691880087,0
1962.9520382662977,1694.193796449906,0
283.800478656183,3929.412073050444,0
3004.8712351615236,2863.0247199655437,0
483.1555984187634,2718.603829974169,0
1978.920067471596,4.481496295924536,0
3791.264608897322,3734.6334370871564,0
2465.974834902642,3559.870381246795,0
2167.7576464818744,1976.7800028588147,0
991.6400342564602,253.0627336197826,0
2094.5077123995334,2107.396575809168,0
1913.0929654478596,1405.390528139941,0
1822.0896647423003,3660.6394985373404,0
1832.9737524742247,3688.097899353883,0
3906.0637581756696,1530.4422528119512,0
1572.9984242532623,1373.493271739935,0
3464.085112434211,370.61964180287976,0
3263.0553276117007,2132.3339804894313,0
2217.9719332045347,576.798237715916,0
3297.274694476037,1909.9192131246627,0
1386.4036530507237,919.8381976072856,0
3317.3412797808537,1682.5232482161207,0
2456.764920305449,235.2869729317133,0
117.22462497957986,272.5740654957005,0
2711.0591995968216,1525.8273234887909,0
3244.4389087967756,466.4025858364962,0
3366.2874433521815,3499.8383191282855,0
3323.5602801312075,2912.1877870784747,0
245.65478584395396,2190.147072786768,0
2712.0208441456134,3907.1764436879594,0
1223.8896720129558,1590.5691463258256,0
1272.4478892848117,3145.723370404238,0
1383.985148913288,1942.6558226641512,0
2419.6135700336536,35.431954261591954,0
2261.883584679765,10.997867814985351,0
1109.7775085380679,76.6005735428621,0
2308.559319396354,1448.9207843494594,0
3124.8635646052066,424.2997873014662,0
306.4235207176793,641.1675967351314,0
2539.0488508606404,10.668973378581192,0
3898.0103924149485,3919.1430524145703,0
1292.0835782856598,3453.0521843708525,0
3016.1192644055795,1064.9973494591159,0
1970.0356588284778,2968.848923398446,0
3573.9425098036854,2702.1120601488574,0
3974.2687263175385,126.58631662921849,0
328.3509795101853,446.22838887027297,0
297.3571224015803,3862.7252909079607,0
2395.175099426288,2570.673765670341,0
3330.2767896011524,1167.2521291159308,0
2009.8954019419502,2673.448568232116,0
2487.3580867279584,886.3271573666735,0
3565.744484438265,3632.1853236106035,0
2102.093379769455,528.247664331754,0
3878.3179151535187,980.022983674858,0
2771.8590344149434,3283.1363764136213,0
3952.9032027121234,2476.290714983332,0
976.5413728559693,1683.500894815515,0
448.2400115791014,3990.997459856608,0
1599.0687730589057,3991.5141656258697,0
439.08217094659153,290.5148825002581,0
2571.05566792571,991.5287160915618,0
812.5575630630885,76.7791449345605,0
2557.3328983443844,3696.3441569698493,0
1578.9189261865654,3064.4855353249027,0
434.2487226341114,2740.387216672491,0
1482.0516210369306,2894.464395519959,0
1615.4052588672,1079.890163848309,0
436.97213726759185,1603.2864520591738,0
1319.1911055884043,1674.7361452600442,0
3511.9345234755947,803.5057219183539,0
3225.143354246375,3678.218130219132,0
1212.7648013330208,1177.545257667671,0
2218.957797409038,2628.002860282947,0
3316.9651663286304,3814.3812255403154,0
2614.082398123747,2545.9724561341486,0
1558.9937655909916,3047.3531072925866,0
2296.4415125772634,2880.609608294702,0
3761.69056427108,3286.1839598509405,0
2885.709358692171,3315.0610405842053,0
3490.0029555159927,3427.8104645726708,0
3322.072136560226,3939.9378058059697,0
58.059406171795835,3691.1842935841437,0
3885.0054745671,3748.5668429089746,0
3406.94712776389,2487.6685684102663,0
157.379995417263,559.548411332408,0
1463.2723104143843,261.2944097117338,0
530.6029027112294,2084.449239183383,0
3341.8201361554143,3616.3508227248294,0
3926.6547258730875,2250.379618459335,0
38.707161028896486,87.21166083898257,0
2658.762542608097,3818.5915132928703,0
2433.5534460862073,1116.2955800905117,0
3310.6059037497535,3748.654804458305,0
3760.9905220882415,2496.737492154685,0
2518.066806759139,646.1379883377423,0
704.2234845473985,2244.6610484497987,0
1135.7020173613184,926.0802326082506,0
319.3726846516411,3812.3001945043825,0
114.29143634297657,2741.120703079071,0
3084.0033929097285,153.6185798311238,0
1870.23930736036,3324.4447502564035,0
2665.764197718677,1297.4194230580797,0
3556.9550847549745,517.2803328577213,0
1017.0953129909792,3676.848121999226,0
3188.145145912437,906.2062142462714,0
643.2701250742027,2440.157304072868,0
649.2070849589915,1629.056041478905,0
2868.5591362394193,133.81827794365188,0
946.4781002691223,2934.4256380546763,0
1829.9644580821935,3426.2120305268195,0
3253.500620740174,2653.977054116962,0
259.74516831306624,611.5150033249029,0
3834.1271629895627,3393.5011299145986,0
1690.7122763547736,2217.8839844492168,0
1258.528518007744,1243.0245631941607,0
1364.6919355637292,550.652618435123,0
3425.896028551983,228.51827226764954,0
1598.6911876423057,1850.0465624067917,0
2097.928926435146,1291.6547445896458,0
481.3092541308954,2398.2217999110185,0
395.9237091353076,2626.4502588642385,0
265.1267592277846,3380.0881462968246,0
1264.1671559856334,3362.8190265392,0
2849.407377891832,1778.4423989401494,0
3264.992849388398,3104.054341028482,0
3918.1478312887384,1713.0215215738835,0
1005.7166717980137,2219.0771664577032,0
1262.380924503606,67.67599599627694,0
2133.2424630702417,2249.849127911231,0
23.42164463543872,1731.0991012862607,0
48.46739937870126,1259.5965074622266,0
1234.130470516074,2853.7180402137988,0
1692.3358497388801,723.1999553296741,0
1366.2874900549848,3542.391107121781,0
748.3361955241614,1183.0084435691526,0
881.085784047722,2921.477558241209,0
3921.2591005627096,3992.010815169708,0
489.6128710814804,3289.0202144572277,0
3150.5271365591475,312.60272645501,0
826.9132040332474,1207.3994290358553,0
2206.0268274919526,2555.7659947013476,0
2387.7183172537843,3151.59619924777,0
1865.94955817444,515.8586896171408,0
720.199617854405,2410.5276835762115,0
1706.7774244734726,922.9269499150777,0
2775.1820123904513,262.9935935478245,0
3980.7290809368715,2532.8501069795143,0
3692.251570413269,3021.000625234331,0
1662.3865478724672,1198.4019187040747,0
2899.3013964974075,2186.3571973799008,0
3807.809591904778,1450.7267942729247,0
1669.0497244442781,415.4418761843282,0
3052.1198242507407,3086.1580277693206,0
3691.5034723996805,981.5095439158835,0
3593.448206753619,3576.506118170137,0
295.8490468213562,458.8979516466809,0
3102.2537210309797,2641.7920789842187,0
3095.6181085447884,2631.6948853789722,0
43.350336291213324,3468.7699192360014,0
417.93921190792906,569.9556635922858,0
299.6247109580712,2806.0396715211136,0
3569.792910447472,938.2193288654652,0
1725.194011806682,1434.4385002528304,0
3035.8972796616754,1895.5875480218292,0
22.12323126906579,2899.824437507787,0
3967.7404190699976,2177.0684386276553,0
2163.8862243868884,2454.0558965090095,0
1926.4590714392161,2659.4547802150437,0
3672.842929428949,2726.710145274852,0
2222.4215378154104,1265.3950366162737,0
471.50729115592947,1561.8190281315042,0
3204.7770734268224,3746.9532048390247,0
1231.0190403854256,770.9378325211737,0
70.98255024758737,2544.8336283199415,0
2696.01979539646,330.9960055194563,0
1043.8727181528873,1358.9641183519673,0
339.80539253880073,1591.6446631929562,0
2284.2387834428923,2534.967224463224,0
1418.13256100825,715.0265265211622,0
2259.0465049818945,1914.970289053136,0
655.0707003469158,1362.9996502132867,0
1053.2636225464303,667.533411390218,0
2371.290409627114,2686.805478287446,0
1005.674098001522,2438.110796705935,0
672.4303040359101,856.8148889831764,0
2249.6317865494357,3600.555291480216,0
3649.794448432363,49.36252802929619,0
3668.817315711842,2225.609964686235,0
1954.1755542576445,375.20770391756565,0
3051.427642649305,2077.8569368851454,0
2003.7717843735452,1985.8240750903194,0
1321.6222963230643,158.78254465516983,0
2449.0728777883755,462.56850217593205,0
3120.017044826001,3539.6425185407675,0
698.0667078609679,3900.324979794459,0
3825.747287957094,3137.146473642625,0
1946.797881435867,64.70502743747852,0
139.61205111099372,1540.4536907593038,0
1615.6606616389984,1952.0473438179238,0
3324.518463770469,1909.7891973610733,0
2487.9596110728894,1067.889801253486,0
2915.9972264895114,2024.5901640461948,0
2109.831466344576,3853.909945919072,0
556.1921767267442,1640.9724385345523,0
2201.8860857056907,1454.9046112767003,0
1297.6414525949797,2834.6303795636873,0
847.51441747721,293.5911315643938,0
3037.4362592196776,3225.8466614286103,0
3240.5977346149657,1793.3228667638805,0
1168.4335942042558,2200.8600688117326,0
863.437992971582,3138.608953962817,0
3882.6316448789585,1406.0787573775917,0
2270.396404273241,373.0480570875034,0
2609.3378618888823,3258.832319576685,0
2678.507162046609,2494.3393784534005,0
3048.1977864615164,9.43660174277694,0
3321.0564486829644,1785.6003986129053,0
2252.8874059522627,2338.8659055214252,0
2447.75166742661,2002.1949278689299,0
3070.6014758728147,1076.0019250915423,0
2829.770987199537,1048.436173776,0
1110.3809241910735,744.533043060406,0
611.2359711404172,954.1803634029442,0
1343.145704427492,1203.4789103683381,0
523.9819228944805,1647.7455457632418,0
3409.553620203639,1669.0483010763235,0
2405.0653539377495,3110.746703700123,0
520.2821849036026,478.9078795608028,0
1390.0635732137353,2145.707260431151,0
2202.7818494797357,3744.0075117970787,0
976.5597213167858,1744.0847507516849,0
1700.197461782289,2701.6089455659903,0
2865.3423339390824,621.7108635387744,0
2848.7894387025844,645.0086040028223,0
2750.168702764721,2211.175726216557,0
1591.5782479404993,1447.764931756407,0
2908.6528072187402,3510.0674959152866,0
1306.386477719704,1313.1311632472466,0
3886.633780135509,220.0670907924138,0
788.8066008385622,1743.6002605818398,0
1991.9409537887814,3082.955185078637,0
2115.807168343689,2848.6623797761317,0
1011.5148449373961,1185.1224493901968,0
1151.6640018487276,3243.6153306832193,0
2619.7359118237982,97.97845113254589,0
2544.9971907061386,2127.8477294827003,0
3612.142425733715,3966.466004666645,0
1449.215428386668,3289.9872686596113,0
2413.3642615221956,2895.1903324738114,0
2482.2152565990414,2840.0157511101133,0
2495.733615386145,3025.2178125451705,0
903.8491790883967,2370.097844331619,0
3900.5987874108505,3926.789282943227,0
3107.7899771502935,1068.7672726398944,0
2612.3321608216975,3582.4284524597165,0
3436.635341283119,901.2792353344561,0
3033.831891378152,2884.162110243815,0
2383.178338710155,3.28884155751874,0
3216.4527099164857,3809.1321375839916,0
2251.1281591764923,3359.2105230859047,0
281.2778297511152,1886.5218963741452,0
38.01735319988664,3295.479172643063,0
3380.1009623784616,155.87649198174435,0
2862.822354232358,3566.492526730537,0
2375.0715920663047,2645.6393995899534,0
2741.5588139122574,1266.971276780497,0
2130.771111436549,3676.044962859756,0
1454.7480231490017,1208.6798360840155,0
1367.9126723164857,556.5578304562044,0
3915.7802644468593,1870.397055032075,0
3659.436516632718,2568.553898774052,0
345.8161996910789,1361.9887982304197,0
2990.249422890946,987.9348176526563,0
2358.766313292583,3404.6340896207043,0
2285.9328710867044,744.0284699010081,0
1104.5329096482592,574.8409249973689,0
2944.2322784626863,1947.042809815272,0
3049.588620527461,660.0688776609256,0
2108.571138928531,1837.640254830069,0
1266.3279715540718,730.3520836753759,0
2933.3930125537854,1620.9892574073112,0
3612.928278100114,1024.7577985572823,0
132.18562851306447,444.22061649234126,0
3409.6175177867085,2386.7557686368273,0
889.2255363910308,1563.5272999729773,0
1705.3443830735123,1633.2707876656514,0
1559.5939523205882,1196.0777049419603,0
1988.39982448082,1379.126757963816,0
772.8894628054226,2934.9481780333076,0
2171.8019422775355,2328.5145762772545,0
1085.786278634604,2766.108463694158,0
3234.4698125708346,2707.9551836951946,0
2121.378526936209,3626.29679045587,0
452.072000051396,535.1105915354149,0
3840.0583672599996,3687.783813345574,0
908.4331188636025,3730.7771971487623,0
3945.0133325922834,1162.7080941664776,0
2508.349508132799,117.45352175658886,0
1861.1610319551878,2464.2187553464214,0
2541.0089792257263,203.59795902276988,0
395.64612918289345,3322.4578166973333,0
331.3879859437501,2020.389133483855,0
3859.484101632943,3932.1968778629684,0
2483.294273116665,3553.654153409705,0
828.6168202704669,2659.1520727909724,0
754.2646906657025,2452.8541155089533,0
1615.1185530639355,1288.824176988211,0
1121.9566150625533,2142.548522680183,0
1965.044331766007,1126.5791063792062,0
1292.6533998334385,3517.4269843330444,0
1370.0963866009727,1619.9322325079152,0
2670.639312571409,2031.8969789676894,0
2531.817598869468,846.4372181354669,0
1456.5722559890517,910.9152445978572,0
2285.459242791537,2384.463665204957,0
2152.269109041815,3258.961799212746,0
3327.4328105382174,208.98426626355925,0
3634.9898668982496,2130.63615752849,0
171.7346467890626,2568.763477692764,0
1078.9076396541088,621.3109046737943,0
586.679543951401,646.3480599923979,0
251.81453988670376,953.7371165237762,0
2662.2084691710593,2027.0077838821217,0
2331.54139122159,2727.015011744634,0
3395.9466129434377,3467.4754617556955,0
1660.8619021858776,656.85705565827,0
