-1.148695060603608020e+01,1.177417766657069365e+01
-1.369327678469422871e+01,-2.166195190388521929e+00
4.685368984506711743e-02,-1.253222562430292619e+01
-4.881260005788413459e+00,8.433268259602444417e+00
1.320057248390343929e+01,-6.814153336829402718e+00
6.527644100795482629e+00,-7.660557465357154427e+00
1.955840656106581932e+01,6.177441923384435540e+00
-5.072211086999779406e-01,2.215843894091907273e+01
-8.318875789977660418e+00,2.928105073773194622e+00
1.441452184841808482e+01,1.112716744669814872e+01
-7.055598910890168440e+00,9.909369673542995471e+00
-8.123694704308184189e-01,-1.303974430792163375e+01
-9.001982068972377959e+00,-1.929181256924757903e+01
-1.174121146858214226e+00,-1.136150447789225248e+00
-4.919210341293517863e-01,-1.942659275464821533e+00
1.299514255688432596e-01,4.464965271720535145e-01
-1.043315051113790304e+01,1.605869522784733761e+01
-8.000603154825610019e+00,-1.600982896928709565e+01
1.452083595568063501e+01,-1.376795573792817784e+01
-2.166591566032810334e+01,-6.099848392347866799e+00
-3.749937169109360369e+00,1.799405886731136661e+01
1.042307048578091155e+01,2.004279270187917295e+00
-4.427713814243236179e+00,-1.739758017519574196e+01
2.716974733201580783e+00,1.347017486198159308e-01
-1.025445781405661450e+01,1.055798371852944406e+01
-3.236620604766442533e+00,-6.287482418345841095e-01
1.917703897985207107e+01,-1.021373775399586137e+01
1.015442926113262168e+01,6.399050421259733668e+00
-7.919654405659827034e+00,5.313918285322952073e+00
6.013916975838509593e+00,9.259260449592512376e-01
-9.787031559831230965e+00,1.487671376830648029e+01
-7.546518389159089679e+00,-7.288397878448614087e+00
-2.374569750799839785e+00,1.285653114507777239e+01
1.081326832625384565e-01,4.184187668379287794e-01
1.061417692411012048e+01,9.441333934247207793e+00
-1.245668965237736181e+01,-6.559469782792954895e+00
-4.783859419009429459e+00,-1.335874569140314350e+01
-1.022235334848459409e+01,-1.914844282191242897e+01
1.487928032817057478e+01,-4.952571628791983649e+00
8.267489053902178142e+00,1.404351016214916703e-01
-6.050574665940623653e+00,-8.026700534050140945e+00
-1.295781347853101551e+01,-9.463281772273774095e+00
-1.175392191518847440e+00,-7.329345319717073259e-01
1.491796871964159799e+01,-3.554700187759407548e+00
1.533808349617689615e+01,1.632075414958233717e+00
-1.596608274830811913e+00,-4.567802191081794305e+00
1.155030204146235473e+00,-2.731105647459736829e+00
-7.241082809938735210e+00,-4.467642727664654645e-01
-4.211387878704165644e+00,7.227949557587733054e+00
3.328459456434338382e+00,-1.268511499739822312e+01
8.262717755733612890e+00,5.787219231680718501e+00
-2.124153819842367241e+01,8.097411889851514388e+00
-2.328611529815459935e+00,-2.934641411286229018e-01
-1.656956686127998513e+00,-4.509379074386027142e+00
3.121445001463975188e+00,2.005383613982356206e+00
2.092295713065602580e+00,1.487506319664457699e+01
-4.924712823321390154e+00,3.112244207641374327e+00
-7.664647638877823965e+00,-7.502131122710463451e+00
4.262447257838354098e+00,-3.665521875197031321e+00
-2.683715609669718560e+00,-2.483184108325136474e+00
1.697154408253929825e+00,1.887935457024038532e+00
1.498334430145973784e+01,-1.837374735312088170e+00
2.201490405472384726e+00,-2.292257692664310120e+00
-4.520733667206424222e+00,-7.728968124890189806e-02
7.491138720217454861e+00,-3.975519551810440255e+00
-1.824817596558832378e+01,-4.854470339514392663e+00
1.979007171373857288e+00,-1.035031676341106932e+00
9.273817147894249047e+00,-1.689480831146373774e+01
2.166528584992969630e+00,-4.375135498227389341e-01
1.966580985472965537e+01,-1.084634434647704637e+01
1.050388947816917984e+01,2.419641450441219366e+00
1.022779040834716469e+01,2.000228035857382025e+01
-1.067058350938739508e+01,8.925637452133665661e+00
1.624014319121624794e+01,-5.036057743523795871e+00
-2.786787120608335000e-01,8.571548956398014063e-01
3.469165537330801019e+00,5.502198931319441932e+00
2.088614573321933232e+00,-1.811150190994504694e+00
-6.428518373588398838e+00,2.250984516990082174e+00
2.285902268945513960e+00,-1.493846815126301575e+00
3.909883861839740238e+00,6.180756033417228679e+00
-5.048771698685599496e+00,-8.080446749826748487e+00
-1.372683368071628385e+00,5.408540951817628617e-01
1.412277074524134335e+01,7.362891821614534926e+00
-4.301469580944336180e+00,-1.230146505210150032e+01
9.975926909472457305e-02,6.103143035675185679e+00
1.166380891451959378e+01,2.964741400554588235e+00
2.009182841563376343e+00,7.946784615370640070e-01
1.228320608687868010e+01,4.959813273254188637e+00
1.788154699474063136e+01,-1.170854985690994710e+01
-4.654049882450091991e-01,-7.312290070586340285e+00
1.230799995086866794e+01,-9.173282220354094463e+00
-1.417073724251499023e+00,-2.679736917444729194e+00
-1.620390241335476134e+01,-2.979344474223421635e+00
-2.232955391422720037e+00,6.270627899167048547e+00
4.213055977425878673e+00,-5.394503122620181168e-02
-8.740865436380170550e+00,1.027481912401135489e+01
-4.546314556194956391e-01,8.480586889582106269e-02
-1.375349506666757904e+01,1.320375950476679705e+01
1.071036660905825555e-01,-1.385389659675764253e-02
7.107411005884808120e+00,1.387537242886560129e+01
-2.922744639781588827e+00,5.479410682393799803e+00
-7.166163195299370514e+00,-1.531587501240184324e+01
2.040790940487906369e+01,8.559732997830952428e+00
-4.470721501015365362e+00,-3.570179005569621644e+00
-1.312112918750600521e+01,1.855092125101093226e+00
-2.886891329446216403e+00,1.330742568820699212e+01
9.573521802877595910e-01,1.312693009466794081e+01
-5.109560875430294580e+00,-4.672174021806118627e-01
-1.479136598140836867e+01,1.616802466496084989e+01
-9.902497189037083203e+00,2.774673592516013532e+00
-1.016932926230141021e+01,1.660013205839834427e+01
1.581233534180053368e+01,-2.965559943612436467e+00
4.574165725973021956e+00,5.086941245052793548e+00
1.536051684345249413e+01,1.069549941926451986e+01
-5.049513983747996093e+00,7.594083029797303652e+00
-1.704020232584960937e+01,-1.096890464671338883e+01
-7.221928863647258723e+00,-1.125083490861892344e+01
-1.619890607578989972e+01,1.220124281876256589e+01
1.592806267210022497e+01,-7.225811982274651935e-02
-9.964570616547344883e+00,1.337751983619155283e+01
-2.060404615173050846e+00,-1.134487808309900281e+01
-1.427262291508396075e+01,-1.672868718691300316e+01
5.715808013514725339e+00,-1.366448700204167643e+01
9.640102568194807375e+00,-1.450832013801653719e+00
1.073484694063754219e+01,-8.904105536512560093e+00
4.033380576857131805e-02,-4.395970902563226534e-01
-2.215876851888113119e+00,-6.572750454332402015e+00
-7.770151270235534646e+00,1.304524215677970922e+01
3.999650804063242582e+00,5.339991392873939091e+00
1.312769842224981431e+01,5.450818142142411560e+00
5.015762854748971877e-01,9.848916491351724645e+00
-2.838081455784507767e+00,1.286136901359214990e+00
-6.795076301123823548e+00,-9.451502971113756590e-01
1.894675273398304105e+00,-1.297155138397924290e+01
1.313596777619499534e+01,-3.483740598100444341e+00
9.780164158842911348e+00,8.879119889474836214e+00
1.175409793414516102e+01,9.356832012296637302e+00
-1.267893868814640967e+01,-8.012226449828533603e+00
-2.868702565053328768e-01,-9.918476334529321647e+00
1.192577934381510829e+01,-1.682212128318332134e+01
7.776074007134091026e+00,-3.316849003679102736e+00
9.970585886505128670e+00,-1.042066397816122869e+00
-1.658132933415335231e+01,1.207863584967283721e+01
-1.354357500554916349e+01,1.266469359074001311e+01
9.695338119614238082e+00,1.296527295388346701e+01
-9.163840481600035170e-01,-2.115247547145086671e+00
-1.169263123584824804e+01,-1.762170574332171213e+01
1.063446939154467863e+01,-1.252088080514177193e+01
1.881581182625964388e+01,1.318127693043961202e+01
-3.436975689457069993e+00,4.801114292188018301e-02
-1.743133298142089416e+01,-9.737848783208589154e+00
1.981678517037579468e-01,3.732079992871790264e+00
6.896450230332645148e+00,1.236463733998943404e+01
1.809508617935294161e+00,-2.199086831952786092e+00
1.819986147046234493e+01,7.012734253345456636e+00
-1.825287480076150359e+01,3.408176227622575993e+00
9.772947298603195776e+00,8.707451998984602426e+00
-9.026402509674630537e+00,2.496262284278874422e+00
1.578249399036462775e+00,-1.997588274270498676e-01
-1.423284807032310795e+01,7.398329711952108312e+00
6.503003127546109319e+00,-8.156393860882944935e+00
1.229620383942720352e+01,1.116266455088414489e+01
-2.652939126667051895e+00,1.974940538438343296e+01
-1.846100601968920074e+01,1.275186198551084438e+01
-1.591059985942911581e+01,1.158844571126676470e+01
-1.277387753126725534e-01,-2.372173322267605577e-01
-4.641631627722029307e+00,6.856041225487722102e+00
-3.789420690102173417e+00,-1.635656143152158393e+01
-2.531726242774296587e+00,-3.028692940439849490e+00
-9.657871019820010616e+00,7.094927418375471362e+00
-1.136644720954367527e+00,5.195894138942291907e-01
-3.459462991391124564e+00,-3.031728959795353173e+00
3.854093798656472725e-01,1.814846940196006841e-01
8.021502635290618244e+00,-1.639823901870497025e+01
-2.936993477551521181e+00,-4.230759740998572660e+00
-1.176354704910065108e+00,-7.855497884015294474e+00
-2.077401089248875721e+01,-4.907812833664579877e+00
1.245247955659998595e+01,1.036462095547082463e+01
-6.057593717459981431e-01,4.114755229281264470e-01
-3.137941866749045516e+00,2.121792690989205088e+00
-6.170717041327134389e+00,1.289343940396106447e+01
1.304187434421033664e+01,2.483652109769949323e+00
-4.377139319254357286e-01,-5.453998586720068431e+00
1.657449145589039929e+01,1.367384539775003205e+01
-1.108643680452362545e+01,-8.746410016648580310e+00
-3.569325801943212362e+00,-1.179115497516609423e+01
-8.986288617552483871e+00,-1.016539849731670841e+01
1.624248649472712458e+01,-4.263799786931266489e+00
5.715849657686493224e+00,4.336575090903870056e+00
6.149997773249741506e+00,-6.787219976003603605e+00
4.745457310457227962e+00,8.802454073320540306e-01
-4.179791596922601826e+00,-9.320016917348070695e-01
-1.790643265737594447e+01,1.229400716149127426e+01
-1.681367506584187410e+01,-2.574712796524484482e+00
-7.465271897489821562e+00,8.456984238923276109e+00
1.908153731490444871e+00,4.870057578981247914e+00
5.808021153325927166e+00,7.012271861276074825e-01
-1.326001517835355692e+00,-1.518743514695314045e-01
5.500125706556294958e+00,-8.341482831308153933e+00
-5.013719291606924422e+00,5.127400741899803549e+00
2.717526000077754134e+00,1.578366601980665429e+01
7.599574912468685106e+00,4.211043137368631228e+00
3.551511200604754670e+00,2.109733546504633406e+00
1.014635414365476912e-01,5.584685458296491101e-01
1.251259852477981216e+00,9.092624057853140318e-01
-1.474419975927634185e+00,1.555631761553496695e+01
9.546614238073241054e+00,4.213306770876851459e+00
1.130759599875551125e+01,4.944339983252099557e+00
1.277051067679715324e+01,-1.619383598040458239e+01
1.194767028488284133e+01,1.939281196269193330e+01
-4.641966846058836360e+00,-1.827178008312245527e+00
2.239467279714636216e+00,-1.508547799758708763e+01
-5.830673273596165274e+00,1.638111037276434701e+00
2.709864165107184752e-01,3.900842231140793093e-01
5.432170945591067834e+00,1.657527126204185208e+01
-6.717471598232386931e+00,3.008485011596643943e+00
-8.681252271604249060e+00,-1.556415834337070203e+00
-7.914947713962641629e+00,1.097494917947969384e+01
3.756019442188875512e+00,-1.874144311248980799e+01
9.286337940608324626e-02,-1.446628434684863151e+01
1.800826148343395161e+01,-8.862627003196273279e+00
6.187652480829463286e+00,1.138205289719530500e+00
1.455208357839131317e+01,-1.118685486680083407e+01
-3.333300017394503989e+00,2.668112312844346690e+00
1.582053558318050435e+01,-1.516387717456377437e+01
-5.748306542741835834e+00,-1.473036322535754650e+01
4.941024999558495168e+00,-3.935919322476300608e-01
1.270117959249018158e+00,-2.175247430218540146e+01
-1.108032050239109445e+01,1.264088441555893638e+01
-5.840527463719121570e+00,-3.901595756276719784e-02
-3.499337618276802342e+00,3.438777990578882449e+00
-7.876968770981628509e+00,8.944650935488423826e+00
-4.040882766053532221e-02,5.888576682533196438e-01
-4.770282281677572733e+00,1.208064103658155752e-01
-4.062043746800394040e+00,-8.883076547971150205e+00
-1.471097217916364608e+00,8.479242425972511654e+00
-1.053738455507477134e+01,-1.626891767805781930e+00
4.726115908050987358e+00,4.293941192112247229e+00
7.242613484942030944e+00,1.138804832884493301e+01
1.901562614128718565e+01,5.759371938497877430e+00
2.657650884031989680e+00,-4.943265513347943618e-01
1.189621921606501154e+01,2.886030113976367772e-01
1.317803844535929247e+00,2.736823512910164347e+00
-1.251269226351694464e+01,-1.073681423194811657e+01
7.944544688018480016e+00,4.457004504308307524e+00
9.585416392122130702e+00,-8.788729093489290989e+00
-7.997741611187815236e-01,-4.138872301129091547e+00
3.257488102223409232e+00,-6.983217635793042000e-01
-1.121237855954126239e+01,-5.383332028871810060e-01
-2.547200797081380585e+00,7.772343914176192747e+00
-2.059216346955152588e+01,-6.619432040225989411e+00
1.596554419672149017e+01,-7.412741067864625499e+00
-1.707296363743508394e+01,-2.239852614264114194e+00
-2.242854181709315498e+00,2.066419272062195134e+01
1.377031023446454006e+00,-1.336134988435728088e+00
-8.805021554398766881e+00,9.152728365761122475e+00
1.344244179413407458e+01,1.168425547028298095e-01
3.217996114099109795e-01,2.212219630803368986e+01
-2.793321768743505462e+00,6.111268063723294119e+00
3.497843541658381739e+00,-4.294915332307661870e+00
-2.228795532184909334e+00,5.946555928346977105e-01
-3.552082929501368946e-01,1.289243266526936271e-01
-1.101007034664968742e+01,1.832614100465267271e+01
1.127684599913651198e+01,-1.049960433599270182e+01
1.699194026762690868e+01,-6.114245769765852323e+00
6.471382290458596032e+00,-3.300321453439493680e-01
-9.640825148836089653e+00,9.432145119754084206e+00
1.437821482597225753e+00,-3.105244311776991228e-01
2.905292167464816444e+00,-1.078496866404127630e+01
-1.011995603521071274e+01,-2.007596248392356841e+01
6.472211951507577110e-01,2.014922850049732261e+01
1.627073895427846972e+00,7.605561236163227434e+00
1.113244605620542949e+01,1.910997445208131751e+01
4.713722962012346862e+00,-2.486065437527939181e+00
-5.969840621794653579e+00,2.100235931551278412e+01
-2.071815791815514274e+01,6.289156655884727165e+00
-1.836841464204228558e+01,6.976745994209662127e-01
2.553278246241360350e+00,-1.427373616748451646e+01
1.122264723319659474e+01,-1.668559011185362095e+01
4.326080127669510667e+00,5.167730645298368231e+00
-1.750234724582472268e+01,8.655684293188691925e+00
7.828719257760071493e+00,-1.186036823107450111e+01
1.262136850226050211e-01,-2.770532892319350071e-01
6.389175729141243210e+00,4.791717213404496967e+00
1.890586687735116733e+00,2.834601390527773823e+00
-7.542335000665095102e+00,2.128528453330609338e+01
9.792020251233486405e+00,5.017142722433554525e+00
-1.018209592828302057e+01,5.215223359287746163e+00
1.147166316625725990e+01,9.204472917676735477e+00
-7.710564259476464954e+00,-3.523391616431933215e+00
6.811186207723411712e-02,3.147969474959994685e+00
-1.554269304877427871e+01,-1.076865478402697285e+01
3.229127111732730260e+00,2.939230780859610093e+00
1.162558508018645398e+01,-1.775186878887843767e+00
4.703011439973470154e+00,-2.121314190462893379e+00
-1.750065893395016614e+00,1.414805178446252309e+00
9.741401663423950863e-01,1.980646383032503977e+01
-5.598857684226109244e-02,2.237707820452186880e+01
-2.197900762652008666e+01,2.301681512461971835e+00
2.019594549536504857e+01,5.184463854074145672e+00
-1.137351312072190801e+01,-1.369646541433897369e+01
-6.425379886294892984e+00,4.174437034400676261e+00
-1.338781692920933963e+00,1.298894505329011517e+00
3.413280440722204379e+00,-8.722483491493031593e+00
-1.359677762207904594e+00,-5.165430571094772105e+00
2.922637766414009963e+00,-8.623870336235657241e-01
-7.343260422787839525e-01,9.852799547992467932e-01
1.334836560307066300e+01,-1.001662890765588365e+01
3.288776517872338961e-02,-2.607658292858254234e-01
-1.107484931951746532e+01,1.383709158531744876e+01
-2.439403700771882733e+00,-2.339267847663133448e+00
-4.389198865264879457e-01,1.775561665960404101e+00
1.451750175411814059e+00,-1.462739111794133073e+00
1.175825391180528889e+01,1.003321444183391264e+01
1.319699314876833007e+00,5.486973165257574614e+00
3.950773756262373038e+00,8.828751785651876460e+00
-1.051256024394656841e+01,7.336566022673735255e+00
-5.927454926469372110e-01,-1.978379931991247886e+01
-1.648360566991732767e+01,-2.813650924990707569e+00
-6.198911855889886802e+00,4.809553954945768872e-01
3.024086590435564492e+00,1.037386315566013809e-02
-1.136250100884676151e+00,5.753403643022868552e-01
6.391021996441267561e+00,2.696960577148051819e+00
1.563276769636012808e+00,5.822508018251044248e+00
9.558864993296287693e+00,-4.323664032301422822e+00
3.389840007578078573e+00,1.534552066886818977e+01
1.006907572653712357e+01,-1.243358525853977881e+01
2.127485819342961992e+00,-6.164120166478493701e+00
4.721736659352979260e+00,7.352784444838203370e+00
-3.280702488255824445e+00,-2.568361561358220690e+00
1.355442835543394686e+01,1.205038593453201301e+01
-1.810716023957494869e-01,-1.294907093932313069e+00
-1.041414942640807162e+01,-1.218755179290572599e+01
6.795445090285693546e+00,-1.657075179118268693e+01
-1.773058327660157119e+01,2.309586170870711719e+00
5.133191062631212276e+00,-3.041724001308636627e+00
8.187700518455187648e+00,2.623364798540495979e+00
-3.598004545442393454e+00,1.302704707674174145e+01
-1.366803984290495988e+00,-6.124235790089485043e+00
-7.425214054923475082e+00,4.197680043117064663e+00
2.109406446757704945e+00,4.011443680641952447e+00
8.266371920304788290e+00,6.597982098235137371e+00
4.213022810105800930e-01,-9.356017127397983080e-01
-1.813401604842436043e+01,3.089453138638492025e+00
1.307525401421874234e+00,-1.193009320286794406e+00
-1.250655714468948743e+00,-1.186749019606125266e+01
-5.951598203559993472e+00,3.791376807065356402e+00
-9.304559089911951020e+00,9.480307425888554462e+00
-2.196052690199155677e+01,-2.164782591365622455e+00
1.138456825499481262e+01,-9.531953796894907072e+00
-6.494159173262395446e-02,-8.107392151352491583e-01
9.894068005264438526e+00,3.204525121573132962e-01
-4.031871567435115544e+00,-1.101571627211894544e+01
1.078824664125528621e+01,-5.974444759946051065e+00
-3.853990084625302348e+00,-1.519076081152005919e+01
2.826675050543856482e+00,5.724895903628835825e+00
-2.947914758831698734e+00,3.063781249515624694e-01
5.743091649173306834e+00,6.970338815771785157e+00
-1.391435018328018280e+01,1.703741346468940421e+01
3.972412528325963255e+00,-1.656636706495616007e+00
1.842392126252109819e+01,-9.635924627586836877e+00
-2.562286110111715143e+00,1.224226972372876432e+01
-5.610399116604088299e+00,8.886040667094976087e+00
-1.639652588243678366e+01,-1.194631232214345395e+01
1.026714173992134249e+01,-2.417396861508606332e+00
9.975276503970805564e+00,1.333834269460239241e+01
-3.987189260269085045e-01,9.168917161345042643e+00
1.456896186764784140e+01,-1.483560156962258070e+01
-1.584998665897481374e+01,8.081388998677483393e-01
1.295612407594701132e+01,-9.543008847870797950e+00
2.971003596917227263e+00,6.927343474362342768e+00
-1.704051446901103617e+01,-3.547749595412220902e+00
-6.745381877092249567e+00,1.298149809466921667e+01
-2.241442630182633788e+00,5.044946280150072404e+00
-3.488610081787020700e+00,1.209696305670938443e+00
-1.672141591290151297e+01,7.477090493603896881e+00
-1.377680260291264780e+01,1.723020640701697914e+01
9.068819628099545227e+00,-5.365533285783726569e+00
-1.555722023261349340e+00,-1.350331355794727095e+01
-2.773879380702453545e+00,-1.953163117251127900e+01
-2.609718002434668005e+00,1.018717627209766796e+01
-1.933488386428908612e+01,-1.026989100949826828e+01
2.414257694150516276e+00,-1.302033996105823910e+01
5.333902544897346054e+00,-1.810842119512373927e+01
-1.169840027166606156e+01,1.732338862819512926e+01
2.452892393097935386e+00,-1.859597166774848276e+01
-3.245441114614724953e-01,-3.652140860046305892e+00
9.114217083698441968e+00,1.123198799996305830e+01
6.100982212151726536e+00,-6.837886454360486255e+00
-1.345470135309591475e+00,5.198286322666446635e-01
-9.717211171129678249e+00,8.317328571711616325e-01
-5.639396766058320409e+00,1.896452818712768496e+00
-1.778026256778285230e+01,-8.074676652130953869e+00
-5.545272905026922272e-01,-5.284555848207351803e-01
-2.205515977800840233e+01,2.522806909101752426e-01
5.473777745617397272e+00,-6.069892087935340186e+00
-5.700751907906610683e+00,-5.900108887044704709e+00
-3.057991251548954348e-01,2.180111808997242662e-01
-3.689901451470756655e+00,2.129590066114935620e+00
3.442576676336890795e+00,-8.562857335182664897e+00
-1.236590093562321613e+01,1.743329162253928644e+01
5.494758546743376826e-01,2.224278386801201712e+00
2.024600712797314728e+01,7.925335618114180747e+00
1.423182873478746124e+01,-1.404935948993978201e+01
9.107327045010915612e+00,-5.115659925933175423e+00
5.473672187887241414e+00,5.147904075633658039e+00
-2.709706790534156529e+00,4.616636116044708693e+00
6.386650605505796996e+00,1.260728246632531580e+01
5.677721625463538757e-01,5.062835189003365155e-01
2.902113909043219087e-01,-2.112223958928002021e-01
9.239200824513966737e+00,3.449950915309393462e+00
1.553949239802610016e+00,-1.914937094337149370e-01
4.762746152166286606e+00,3.300626221556799411e+00
3.327076267855957781e+00,-3.847738440961562478e+00
-5.322325080887395643e+00,-2.363221034847061475e+00
-2.034482840981779450e+00,2.224118953525350495e+00
-1.517584762316201152e-01,2.315295767293754636e-01
1.228564295604081952e-01,-2.653296026495024496e+00
-5.614425141485622994e+00,1.307020134293783009e+01
-1.232374566294050311e+01,-1.871467223385605294e+01
-2.264309590390740823e+01,-2.474779260087189403e+00
-9.366298735380963691e+00,8.874158020007262282e-01
3.048162250880158908e+00,-2.180791044661471556e+00
-1.383403321594057722e+01,-4.945735255226114013e+00
5.236836652673264147e+00,-9.987331423014385479e+00
-3.478870305460860735e+00,-2.248893804973884514e+01
1.458135049053884247e+00,3.603282659768631269e-01
2.606592830501346381e+00,-1.782481404873043829e+01
1.370812100324275251e+00,6.489973645691116566e+00
4.555875858058351824e+00,-3.174220499472319990e+00
1.468677639931839529e+01,4.059951915850801285e+00
-2.821676030567408677e+00,4.905869497010614921e+00
1.240498789773132771e+01,8.980987698697378008e+00
-1.175841962788972239e+01,1.817760654377786000e+00
4.154315218306012802e+00,-8.825139815123936415e+00
-3.803941108792324055e+00,1.217751998425352333e+01
3.849224791502022125e+00,5.363983102707159389e+00
-7.852967197327260784e+00,1.422789515778327996e+01
3.727759613144997264e+00,-8.783393405864961423e+00
5.270439023377037735e+00,6.402251403085018389e+00
2.701758593714366885e+00,1.886664086956123398e+01
1.931434477728912924e+01,8.919043098121839819e+00
-2.906831813892490901e-01,-1.017459150332312490e+00
-4.232463169831902405e+00,3.273111459838167647e+00
-2.990160206583816649e+00,7.437360026994984885e+00
-3.671094783257003336e+00,-1.838121826357894406e+01
-1.165769948284358115e+01,1.943860403968647077e+01
-3.102562290763633435e+00,-2.206933320757372741e+01
8.290086688608530707e+00,-1.909160104568036331e+01
1.376335795260263506e+00,6.680488895669384419e+00
2.250823988493465322e+01,-3.736414553735110555e+00
3.001761600782665518e+00,4.888630286890699672e+00
-6.182262620674008335e-01,2.356081578697156953e+00
9.338053443547524424e+00,1.977830142625258603e+01
-3.031730079022921576e+00,4.430709425539468782e+00
-1.574033197248487603e+01,1.982348777561101949e+00
-1.329188442511538559e+00,-1.864105023867601019e-01
1.018400269063891272e+01,-1.336929769321433881e+01
1.558073812642729372e+01,-1.298080703604415653e+01
1.170123525918210561e+00,6.155824553866154680e+00
-6.245806519798890122e+00,-6.082664377772019293e+00
6.581329338824432718e+00,5.549572227734378416e+00
-1.665299404423482699e+01,4.390848262231729748e+00
-2.401137935030126958e+00,4.914335679670905677e+00
-1.603910625043898364e+00,3.612573276063321792e+00
-1.027190097190440277e+01,1.128525496166615572e+00
-8.852039010658263596e-01,-6.946599810023180943e+00
1.750635715749080745e+01,8.128318623036031809e+00
3.966549796822536056e+00,-3.763799241090374448e+00
-1.100877134720977368e+00,-1.150239596237758022e+01
9.659838292192945985e+00,1.940837182271101113e+01
1.352946235795711694e+01,-5.439377539664532080e+00
-1.993196970127634771e+01,-7.909340763394910878e-01
2.162480721412725870e+01,-2.600901506919481299e-02
5.617956362387314329e+00,1.632814422062048720e+01
-1.570474359651323049e+01,-3.500916122070677705e+00
-5.570235032088886484e+00,2.155511339703000928e+01
-7.635502921581894142e+00,2.155902862708764545e+01
-8.736700133718336758e+00,-5.626866747465942176e+00
1.436782466406333780e+00,-7.697870565963474965e-01
2.291651398590749622e+00,-6.332347770890461192e+00
-5.711793893365866293e-01,-3.457293596413996362e+00
-8.946117090469009270e+00,-3.488406067940701849e+00
2.666875876489694264e+00,-1.416363897532827654e+00
-1.387870939529326719e+01,6.666163825020801070e-01
6.179932276987686102e+00,-6.271296550513080881e+00
1.036950137824541862e+01,-1.779272723978960613e+01
5.014544073789265255e+00,2.168708787248521475e+01
1.672525178745670305e+00,-1.246666022389291584e+01
6.302467993156640524e+00,4.829143968751605231e-01
-6.017857927708265109e+00,1.221986864142274065e+01
2.640666323545094674e+00,2.045576704721157313e+01
-9.346170888692123313e+00,-4.032684596675270017e-01
-1.047696943207851783e+00,-1.265450375151239193e+01
5.107826285992589810e+00,3.598303109030251967e+00
-1.042920669526874633e+01,-9.807069726836287193e-01
8.556224121512030933e+00,-3.486796553679577748e+00
7.642705649782028932e-01,5.662162445583264869e+00
-5.142205824544237025e+00,-1.043691724363668349e+01
-5.957245769888568354e+00,-3.933586513862527223e+00
1.061393316195279368e+01,4.733248923960341870e+01
1.495603248916174444e+01,5.648560978364169927e+01
9.720314747259675148e-01,5.027956295002060472e+01
1.729988292736726407e+01,3.951542783975307316e+01
-4.055241957004283471e+00,6.125350649144522208e+01
-6.589125070447106047e-01,4.974870903930982990e+01
5.130146010704526027e+00,4.943182826207515745e+01
-1.778168076308613976e+01,6.284273798309691017e+01
-6.754551107852633685e+00,3.843462205737019843e+01
-2.007783048405056281e+00,5.144185431781759377e+01
7.544152063714543166e-01,4.342964601598627894e+01
-1.034532305892681592e+01,4.818006604574699736e+01
3.773580411304164328e-02,5.048037169662320167e+01
-1.263587929093349160e+00,5.938245190073399016e+01
-5.698108214082883149e-01,6.124311862637990345e+01
-5.489423034910252852e+00,4.886965647047887273e+01
-3.924864863295627782e+00,3.704269501614939486e+01
1.645220933672523245e+01,4.457193437057699015e+01
-1.866612030947997880e+00,4.490710634195063733e+01
2.779204174761044754e+00,3.600172614427389561e+01
7.174051505660168360e+00,6.284350706147834131e+01
-1.533541865942607529e+01,6.551713305852679525e+01
-1.533729783182611683e+01,5.922983702421394980e+01
-7.593541514372376788e+00,3.202629763060711099e+01
-3.207580715950812511e+00,6.081397744389692406e+01
-1.400916690704860246e+00,5.402625764643717332e+01
-1.413875720448509377e+01,6.801880651962940760e+01
1.100486198837378193e+00,4.723582904696142748e+01
-9.580255134349386026e+00,4.492057073458683902e+01
1.394201255715907584e+00,5.071344332327476678e+01
1.913745724121314495e+01,6.024791342607905165e+01
-1.532266183826215844e+01,6.605482572401881214e+01
1.721704290599907372e+00,3.354387215488995366e+01
-3.025154199626821416e+00,4.254022171295796539e+01
-1.526756446126264599e+00,4.435191895177233334e+01
6.585461851475828965e-01,4.393366389873307298e+01
-6.772589158105355445e-01,5.284835287720819252e+01
-1.154195597487729152e+01,4.638910586685961590e+01
-3.141534668393721752e+00,4.912245694013964936e+01
-4.742033603074338188e-01,4.273064515381880568e+01
1.388821973819594646e+01,4.614151257467542422e+01
-2.927707997603355761e+00,6.647539526751245376e+01
1.499559177899364160e-01,4.946224440583559101e+01
-5.302301956197677413e+00,4.164832549640713921e+01
-1.313279199078540316e+01,4.275460516917694065e+01
3.055330571033931353e+00,3.061464121569728647e+01
1.026344811762111497e+01,4.623429517376291642e+01
2.170197105933037918e+01,5.509371216868355248e+01
3.671362456938005003e+00,5.488340882228317952e+01
1.227066115799346421e-02,4.968954214823071425e+01
9.619622553521738340e+00,5.559086461743181218e+01
-5.860414393327803673e+00,4.940425245091455508e+01
3.566311881491469826e+00,6.860681688141372092e+01
-8.141062996455975531e-01,5.529151205049755191e+01
-2.129041726060774131e+00,4.318012743643564022e+01
1.787174679534159694e+01,5.343165774255905376e+01
1.150724207470446281e+01,3.824713730406672596e+01
-1.206207408266754655e+01,5.438727415269391940e+01
-1.621197227176962130e+01,4.975619394193061140e+01
-9.325424127960133092e+00,4.760264218645063750e+01
-7.452454333441999035e-02,4.990324207091794761e+01
-1.466034648941078045e-01,5.021613913391047390e+01
9.464181380737095139e+00,5.697726397695673484e+01
-7.979650629192703848e-01,5.174158825254696126e+01
5.779115274890318510e-01,5.102275267744281706e+01
-2.083994103068467751e+01,4.232911366944245657e+01
-8.190078049580556296e+00,6.797954586536548049e+01
3.375963430805901222e+00,4.908935963357966870e+01
1.492432376364897541e-02,4.999673623963563074e+01
-1.577653303530532547e+01,3.516135003808049220e+01
-4.734809001348808444e+00,4.569180388769254364e+01
4.257614442704883650e+00,4.960775227896633055e+01
1.207993362197325915e+01,3.965426388700151961e+01
2.368171388583377723e-01,4.750643417668035084e+01
-2.367852195898908274e+00,5.560750601621317202e+01
-1.488824945020044233e+01,6.677254677809783345e+01
4.433435663321276365e+00,6.402353146487689628e+01
-1.193656594986433461e+01,5.096598659921627927e+01
9.135374656634134283e+00,4.944648451156535884e+01
1.516807516746396800e+01,4.065917239122715898e+01
2.386220910834055964e+00,5.219468816785256138e+01
2.197067313481687734e+01,5.350674548579566192e+01
1.592301727212790574e+01,3.822169831099412107e+01
-1.382043858180121099e+01,4.671228715361095851e+01
3.038310710442344575e-01,5.093890604522995602e+01
-7.439452118052705565e+00,3.569969813381103307e+01
-1.295530152377258126e+01,3.346540395372957732e+01
8.686221839477392237e+00,5.837378957877693608e+01
-4.911397615844524944e-01,5.813235362250233607e+01
2.571614911772330814e+00,5.101963187227025998e+01
4.332675706317981934e+00,6.681345159007386769e+01
1.371788029211556292e+01,6.503882460463324833e+01
8.050515554283468322e-01,5.216068508620399058e+01
-6.885815824567874444e+00,3.395880345227757857e+01
3.735654786979764053e-01,5.012008194857715893e+01
1.784080448462708546e+01,6.328246828916680755e+01
9.410108438288613542e+00,6.056260565613948899e+01
-5.158877798801514203e+00,6.161167151231470029e+01
-2.052535184433285753e+00,5.649001187467007412e+01
-6.799261728728063225e-01,7.136289102950590291e+01
2.062188312780916313e-02,4.388420533867803641e+01
1.904590227839817018e+01,4.976337694673903655e+01
-2.214311823024350190e+01,4.519952041071029214e+01
1.692211777933563255e+01,4.381173038837756195e+01
-9.505427877248012081e+00,5.722033760901887689e+01
1.190891671037688671e+00,5.094408137445132922e+01
-9.128933281160556135e+00,5.589254105674069706e+01
-2.880717687423111961e+00,5.965948151351954465e+01
-4.660307417435499033e+00,5.019316503531127438e+01
-5.372188296865799906e+00,4.187250321532133768e+01
-7.983249563910274738e+00,5.199369220698044103e+01
3.456611869707669538e+00,4.850832756957479575e+01
7.604903074909250549e+00,4.327537812809144668e+01
-1.796250306626786308e+00,4.422867051258548088e+01
-1.198222561879788728e+01,5.077767649193386035e+01
5.472998798954196165e-01,5.059533889950832020e+01
-1.662976599871954875e+01,6.256562700913687536e+01
-5.306205816418896326e+00,3.198898700245482019e+01
-2.763540962698497694e+00,6.240527886059653895e+01
1.555643240329147758e+01,6.190916032721798246e+01
1.853103559888479168e+01,3.789368830959337231e+01
-6.468456515266240991e-01,4.754166324694323009e+01
-1.086677872839615766e+01,4.038605077694840162e+01
6.056753337333595333e+00,2.785964045653993182e+01
1.164545053830389065e+01,3.048980234546898060e+01
-1.380155325659317533e+01,5.143958486256432394e+01
2.161422337612745714e+00,4.800044603253135733e+01
1.160592538950257513e+01,4.327521469650393726e+01
-6.410508246230208623e-03,5.004705193187541568e+01
-3.569623052958660558e+00,4.713852194801857820e+01
-2.168477515301729497e+01,4.634387526502380439e+01
-7.385142479383438818e+00,4.820509199152305513e+01
1.357104858018475468e+01,4.439497369331058962e+01
-2.195373218395238357e+00,5.607527315521858924e+01
2.168191790611700398e+01,4.773500015072058034e+01
1.368724961184961764e+01,4.033298151329429970e+01
-7.328408259593534702e+00,5.194442842842109087e+01
7.489013325161542056e+00,3.340067917822086230e+01
2.970200996016127970e-01,4.752998723830720706e+01
-3.949597122251682357e+00,4.188696922782660437e+01
-2.161566090410202534e+00,5.460603391177262012e+01
5.191781141868721861e+00,6.484396543089935960e+01
-1.115267376344364569e+00,4.792438900982704553e+01
5.036128211566171409e+00,4.238268917399092572e+01
6.329795121012467440e+00,5.064865049289672072e+01
-7.264167450245031077e+00,4.089733233408974655e+01
-7.534769559059468769e+00,5.282698856041298541e+01
1.302876850459952252e+01,4.029275504602717461e+01
-2.454040772528171821e-01,5.050922369774988141e+01
-1.439030177195817117e+01,5.235481765338005289e+01
-5.280328791138359179e+00,4.950865679783666451e+01
3.926310625866495929e+00,5.477286996039704547e+01
-4.252638784052907184e+00,3.209214025052904873e+01
1.064561303764036460e+01,3.077224353826902714e+01
6.804004600819689053e+00,5.259103380037744557e+01
-4.889763324610317596e+00,6.837711331745353505e+01
2.323779461303695282e+00,5.056630816988592869e+01
1.404140625463436365e+01,4.606791048913542852e+01
-8.589629412831190081e+00,3.501332391902808183e+01
3.497118096120913400e+00,4.919983355123547852e+01
-9.606842853698758233e+00,4.807374702359081908e+01
6.598071038657703724e+00,3.055676581760385702e+01
-1.678329803552753852e+00,5.169073491721467661e+01
-2.526545349042976785e-01,5.033075919230592632e+01
-9.800132824813687193e+00,5.940573671739835504e+01
-5.480620786142210932e+00,4.161503719994833972e+01
-1.166068256783693613e+01,6.419436406344819090e+01
1.721187555106294909e+01,3.755545342992381563e+01
6.842576863891529193e+00,4.927827458688786066e+01
8.770544051423192045e+00,5.169744253151166902e+01
3.879415106893187914e+00,6.048988870847971100e+01
1.030016700446209654e+01,5.876922869802305627e+01
2.183171337487818420e+01,5.595244089378073937e+01
2.235811868010522119e+00,6.588199293335608786e+01
-8.463591451030019641e+00,5.293978446239032110e+01
3.153239666676161956e+00,4.481720112369174558e+01
3.826268145207093685e+00,7.138681277615862086e+01
-3.115358209662848488e+00,5.011857503278040582e+01
1.497252876206191985e+01,4.291060399881067156e+01
-1.057850845698970765e+01,3.153090533145602237e+01
4.548213234123597459e+00,3.540494750765522269e+01
-9.235060891963794205e+00,4.693545162954803374e+01
4.542363949592695960e+00,4.943968645683436591e+01
-7.174018531502478702e+00,4.553137385730261855e+01
1.559786880980935386e+01,5.458592749201823580e+01
4.796197815863344260e+00,6.414845529524284018e+01
-1.763567312542559051e+01,6.202189542076855844e+01
-1.603545874251252457e+01,3.815179455792387131e+01
2.578449651842435575e+00,3.140646397083876806e+01
-1.791442829857092889e+01,6.088743064599489685e+01
-1.578356541988770623e+00,4.384334457231260274e+01
2.106875205155884778e+00,4.176624132103862763e+01
-3.583628518668204421e+00,5.796884920631313776e+01
1.278117692824219986e+01,4.832578719073471518e+01
-9.060497729731972427e+00,3.758572859557740742e+01
4.835385801207822354e+00,4.551599960370233333e+01
-4.202721397452903740e-01,4.984588969270061654e+01
-4.842166303742372335e-01,4.083066158883793406e+01
9.134437728292010839e-01,4.296289356764744127e+01
1.816789711305019495e+01,3.818783736299894827e+01
1.197215775472741583e+01,6.655464462039594764e+01
-1.847511460280584927e+01,4.291471443878744196e+01
-1.352373773403613555e+01,5.653289472931572845e+01
7.013514394558483467e+00,4.632363683230136076e+01
9.969942824054218278e+00,5.774298581161585275e+01
1.863789600505089794e+01,4.795111489982161856e+01
1.608286760954327432e+00,4.840080887817208577e+01
1.647778745053995664e+01,5.824335554081945077e+01
-9.456099253005529892e-01,5.005373041306286552e+01
-3.801001232023993204e+00,3.161104148014977255e+01
-1.381481313563666768e+00,3.147747916965016657e+01
9.764522307086986874e-01,4.934971972259290141e+01
4.445875654782368791e+00,3.627753466592374565e+01
-4.316941110693971240e+00,6.071983577554942002e+01
-3.905659691560973812e+00,5.003841156761965436e+01
-1.018103991496462246e+00,4.674268641348826492e+01
1.147060212062651452e+01,6.359154463696378201e+01
4.500688329818848032e+00,6.225672508275251005e+01
-2.244878041198791507e+01,5.268667811913263677e+01
-6.743981739017617549e+00,7.156162258461529291e+01
1.483423186809260663e+01,3.264443346134022761e+01
-2.337018236026344287e+00,4.859245392338716130e+01
-1.253747627119290442e+01,6.756426459611985536e+01
3.272894912474763718e+00,4.542507702401778857e+01
3.562344900877415732e+00,4.008144506097086435e+01
1.741942014871923305e+01,4.981993579892412782e+01
2.688279591465088991e+00,4.616512348783788156e+01
-1.118860266031566830e+01,5.666859385517807368e+01
2.974203380656614826e+00,5.306909665290122291e+01
1.298949509608104513e+00,4.797128708238292205e+01
2.494087727823937062e+00,5.098309351818054580e+01
-4.846276797160431471e+00,5.664648068733032460e+01
9.373344678789082007e-02,4.994826846593126390e+01
9.476239485979872867e+00,4.761550064771769541e+01
-9.695811524544252435e+00,3.819475912498387515e+01
-3.473870165376224062e+00,4.143914878057150020e+01
1.903486640807078523e+00,5.052015001520754822e+01
-1.435880261761942611e+00,4.986899811442300745e+01
-6.121320486384520976e+00,4.814340422150780086e+01
-2.088693246982788576e+00,5.328665345568396106e+01
2.016715546895012068e+01,5.927366350851048793e+01
4.596214319228332235e-01,5.344779428904902119e+01
-1.162692612881059873e+01,6.442268283761457326e+01
-1.237654661764812580e+01,5.534270592200174832e+01
-1.101425212558186395e+01,4.291984540653182023e+01
-2.032864136500383001e+00,3.839890667471173913e+01
-9.214447960471870758e+00,7.036273723348202225e+01
-3.983227919348078405e+00,5.735965441537517506e+01
1.798353121037529689e+01,5.223645840415110797e+01
1.235286987277354420e+01,5.324415992637934636e+01
-4.470199953045392305e-01,5.908858771059070136e+01
-1.346103119338906584e+00,2.806554945781457988e+01
-9.525984266208194384e+00,4.006883182424827794e+01
3.392002263777982307e-01,4.728602529380692232e+01
1.138911098474349792e+00,4.046437184863931691e+01
1.115720537179675276e+01,3.590507195020988007e+01
-2.958443013005815470e+00,3.432048010617744893e+01
2.089281890109046103e+01,4.722860561969194038e+01
4.800322084111947163e+00,4.645793227259064651e+01
-1.491336447488151684e+01,4.096167662491613015e+01
-8.995571621744684165e+00,4.443624538903385712e+01
1.288841082777564040e+01,5.281864388576977376e+01
2.196513235124881191e+01,4.979664571110080118e+01
1.525511644137412937e+01,6.657085754624998231e+01
-1.201146584321377997e+00,3.021984398123990445e+01
3.564207370876715686e+00,4.254940567070967461e+01
-1.425953392620456839e+01,6.461247581765972825e+01
4.814236349961113604e+00,6.387662776116378183e+01
8.046170101632323934e+00,5.575063318326143502e+01
-7.200294376139608488e-03,4.917794983538492204e+01
-1.693492721824443592e+01,5.519198675370429186e+01
-2.609928716430639284e+00,3.875035691215339995e+01
1.558775121685269482e+01,4.083523766314085890e+01
1.040897947287488634e+01,6.369849647383693991e+01
1.594837555541239738e+01,4.112381687771016203e+01
-5.876067387874007508e+00,5.364537160294575813e+01
-6.268064010240303574e+00,6.731899665655208764e+01
1.182423535197097841e+01,4.557966732559089706e+01
1.086772850604066321e+01,4.936092551003857665e+01
4.901057246013592383e+00,6.473415055621839542e+01
-2.714119048796213018e-01,4.959053467413097849e+01
1.845828141505179598e+00,5.145975240102674775e+01
-3.918676656611181031e+00,4.454074726836912390e+01
1.055586342679015033e+01,3.000674257194716787e+01
-1.285781719244214694e+00,4.705423281226257615e+01
-6.600873112431330902e+00,5.377424889211254566e+01
-8.712966719084755951e-01,5.078716952669598328e+01
-5.964827731259682686e+00,5.474054835668356844e+01
-6.227727780642617894e+00,4.606356372207213212e+01
1.602045733610648881e+01,3.524995840793715729e+01
1.753965539233500337e+01,4.162041280294070589e+01
8.310313137200171951e+00,5.290545423408901371e+01
2.372943886931097313e-01,5.051791521701818510e+01
1.455566368631573226e+01,6.238817095157686765e+01
5.295505319247309828e+00,6.423954273389318814e+01
-1.998934703967574222e+00,5.287836084063668807e+01
-2.289034901313335268e+01,4.906005752628504979e+01
-1.583813652893092172e+00,4.832481021397722287e+01
-2.233058028710658949e+00,3.018177588225783126e+01
5.217949692791312266e+00,4.568949267898823763e+01
9.989606147732756014e+00,4.931404379699336715e+01
-9.524408565497024526e+00,3.437914964008854213e+01
8.788267468190561260e+00,3.713195233420367458e+01
3.780585200004248136e+00,2.876300242661757167e+01
-5.052512204290028563e+00,6.336294938235917584e+01
1.597635328163196311e+00,4.841620291531640419e+01
1.961047529507258957e+01,5.539968416189266520e+01
1.769052995348114621e+01,5.004083138765244598e+01
-2.432449637213726312e+00,6.619132436883241155e+01
-1.200990938027907573e+00,5.029154648275734019e+01
-5.880842414437685406e+00,4.303834031078616817e+01
3.090173985821599079e+00,5.229808820803286551e+01
-8.792052716394177736e+00,3.326521343532463959e+01
5.153436106051173304e+00,3.473422972187058377e+01
8.029720431061747377e+00,6.865614018188594514e+01
-1.914425202792407532e+01,6.130155248788823030e+01
-1.767889599996348338e+01,4.776832995804228688e+01
-2.182697986426174452e+01,5.681902816974626091e+01
4.355037540262707729e+00,3.654767778960725622e+01
8.278441407604906210e-01,4.979033970751386562e+01
9.923844099117243300e-02,4.968759859362113218e+01
6.942377822856520275e+00,5.370336842089586327e+01
6.408430909251460861e+00,3.217726413189068779e+01
1.820240778969149531e+01,5.809459733176387886e+01
4.650451937464245589e+01,4.250485183071948114e-01
4.564072452231910404e+01,1.278677529260852097e+00
5.305126119481753477e+01,1.176191443561225647e+01
4.112002378645986767e+01,1.264173665029086280e+01
3.962810046699606659e+01,3.072395732374026078e+00
6.461912261448014760e+01,-1.653779216329223090e+01
5.530789856053626607e+01,-1.539767507351672782e+00
3.257172655868552624e+01,-2.082281847255226470e+00
6.370980098633587119e+01,-1.458112349926230245e+01
3.994516672017944359e+01,-8.125337852507437120e+00
4.388108134641450420e+01,8.524338703173334864e+00
5.471011660805219634e+01,1.287790315898321758e+01
4.157024398792371755e+01,5.119626921945670261e+00
3.736162543239870359e+01,-1.824987379618271843e+00
5.921801821284694967e+01,2.643157986043848329e+00
5.560682217259845572e+01,7.307697532973095988e+00
3.707231809912502030e+01,-9.415417710262143913e+00
5.033405685210373548e+01,2.109288740058300693e+00
5.199784974328041898e+01,-3.268192007112777020e+00
4.089976373142768296e+01,1.733397661502948495e+01
6.402454000835064107e+01,1.085516756703100683e+01
5.560214392590491883e+01,3.243663600780672951e+00
5.800878624246111315e+01,-3.339594328512777377e+00
6.570616824098873110e+01,1.438565439295023829e+01
6.191055903225922918e+01,1.456612566049212454e+01
5.918788365862685197e+01,-1.073492906066594088e+01
4.986276098153599889e+01,5.092425177140352588e+00
4.948714623077167118e+01,-8.791406975139736124e-01
5.403775249775044642e+01,-9.059897161760924078e+00
3.790702550553831429e+01,-9.648522834851055663e+00
6.837932908345773342e+01,-5.029437523044405722e+00
4.498952326393808221e+01,-1.896100395045449005e+01
5.057245439374107576e+01,4.904888901339827245e-01
4.475834512692047440e+01,-2.014981348678400508e+00
4.845138420140270341e+01,-7.643881745145566953e+00
5.139206053922225692e+01,-4.111577161881341702e+00
6.821644240435790607e+01,3.040439038606642441e+00
4.657034597444427249e+01,-1.731532353860259121e+01
5.544191584078365054e+01,-1.056835479882279216e+01
4.955028545232676862e+01,-2.260283559139194409e+01
4.669662257600333533e+01,-2.568311893356324815e-01
3.002362284219620747e+01,5.394698483796268818e+00
4.744944096645151177e+01,-8.184377794953434648e-01
4.894483036406586507e+01,-3.601801125558107941e+00
6.417123254803225052e+01,-7.456116250269163359e+00
4.813110837126657771e+01,-1.690610183370094832e+00
5.991398775511684960e+01,-8.431395037855304864e+00
4.708592013213493033e+01,-9.215614013291416384e+00
6.523402777485601689e+01,6.975034926514832812e+00
2.928474997634489085e+01,-1.077963239576979204e-01
4.597611505999525150e+01,1.724377530771268496e+01
4.571589581146333359e+01,1.906751446950485018e+01
4.953209103710351258e+01,5.960194348273980536e-01
4.717754766803931687e+01,6.552465380762613201e+00
3.956193537929203785e+01,-5.620223050565143375e+00
4.612351215732236653e+01,-8.746366080831293743e+00
4.937485491913782454e+01,5.281998391872557264e+00
5.485504293667848685e+01,5.154667353574198252e+00
7.027725766001773877e+01,7.853281705793536460e+00
4.398590477528586717e+01,-3.100255309065133247e+00
5.317957399659471918e+01,7.493101110896200012e+00
5.008518079114121235e+01,4.955166569764773120e-03
6.746834455347769222e+01,-8.523236844733915518e+00
4.653519432147220414e+01,-8.235514461501607375e-01
5.392522074778663210e+01,2.576559016437057092e+00
5.323633153362829518e+01,-4.898549202004219616e+00
7.023309616944423794e+01,-2.143371280589700500e+00
4.549709551939120189e+01,1.506979499619332863e+00
6.769329525777736478e+01,4.839096160735091523e+00
6.374253255416356723e+01,1.251199566621517789e+01
3.430649739600517734e+01,1.443326679614052210e+01
5.199948912183607774e+01,-1.751151036034336084e+00
5.298700654099079088e+01,4.006490014583291348e+00
5.766042127458685229e+01,-1.527324197356280600e+01
5.448807383850256514e+01,4.235724662181540312e-01
4.364904717519455346e+01,1.742198782126457068e+00
4.763800545035423539e+01,-3.021363748055448717e+00
5.368959741496065874e+01,1.471000964256159893e+00
4.168106517682032575e+01,-7.312117029409779256e+00
5.237035369736630486e+01,-8.634183551090607311e-01
5.395439890553821272e+01,6.253686875155419322e+00
4.874650789402179640e+01,-9.731260347004257127e+00
4.956292118726054241e+01,-3.574112681673949909e-01
5.354119564177388213e+01,8.199666719815954963e+00
5.216317181959306026e+01,8.435711303770214442e-02
6.133299529105511283e+01,6.618717118712796887e-01
3.139281945001576446e+01,-3.803692038831588906e+00
6.762018089391256126e+01,-6.622784404758569998e+00
4.885949641226035567e+01,-1.457024481040607666e+00
4.692412456230391626e+01,-1.348180879082237027e+01
3.081877044926659792e+01,7.396930770085574647e-01
4.523528295304723912e+01,-2.693554169197035719e+00
6.228462873841035474e+01,1.249757294201331881e+01
6.465167526652038532e+01,-1.432024248551885215e+01
5.125633069882819370e+01,-1.849824194948000056e+01
5.246776570669424444e+01,-2.792720132700008545e-02
4.993844894159506254e+01,1.990821112783931757e-01
5.063455053072068779e+01,4.363759695727808641e+00
5.439442597878223751e+01,4.403362132142076391e+00
6.381537526630106782e+01,-3.160206966845501952e+00
5.170438910849230751e+01,-8.672387485310672162e+00
5.811927406264926077e+01,1.399345476143479949e+01
4.232018901975288827e+01,-2.639443707680918294e+00
4.695691420191977272e+01,1.831612365379778007e+00
5.417276447661417649e+01,5.857557421035468614e+00
6.067382836207175956e+01,1.731366245398087145e+01
7.146807283170110736e+01,-5.015846864558455742e+00
4.838428469991908543e+01,4.490992760887613677e+00
6.692096713208800907e+01,-6.523101984947834886e+00
5.559078379797948344e+01,2.875720575697908288e+00
3.021165307756422536e+01,4.974493204136576807e+00
5.261308284662010948e+01,2.769337130489924803e+00
6.531014914409612970e+01,4.606686715339715077e-01
4.817261471283445928e+01,-6.419393589592176097e-01
6.690467068305255793e+01,1.469597871276101131e+01
4.718202467407309086e+01,-1.586626239221473433e+01
4.379937642941720810e+01,-1.834203083971870640e+01
5.581957462602612452e+01,1.166198659423993256e+01
6.023990827036811169e+01,-3.925161858490126665e+00
4.741199714757565431e+01,-1.406721326887793566e+01
4.638983068813248423e+01,1.161283473732366289e+01
4.726487241658735883e+01,-1.044362207487262317e+01
4.802109438046399248e+01,-1.735489702122258038e+01
4.775565680229195209e+01,3.429522650666108063e+00
4.720587518605358923e+01,2.773535251429883886e+00
4.371192558804186490e+01,7.688453148874890175e+00
4.451617503097225637e+01,-4.934650349966432259e+00
5.138184171781684739e+01,-9.985361412284499139e-01
5.901366409534636404e+01,1.720464611154922707e+01
6.256465708218700428e+01,-1.253317972040640527e+01
6.232183376174755551e+01,2.162724916005788867e+00
3.797127586900420226e+01,-1.904366798581062881e+01
4.856573738008113850e+01,8.550601667020982788e-01
5.452263042120442549e+01,-1.704354409562459693e+01
4.889734022332869046e+01,-6.026472978463978336e+00
4.158835682041719650e+01,1.056849403125519116e+00
4.688048425538255515e+01,-3.962923910583892706e+00
3.185325474025451697e+01,-2.021795981617897364e-01
5.125063461460023717e+01,-3.072762206918096428e+00
3.089733965838465579e+01,2.892336016382849984e+00
3.494448181529665476e+01,-2.206066423117849062e+00
4.999555959229962809e+01,1.357527379027523073e+00
3.526466104547823477e+01,-1.143628086794965526e+01
4.528842802092045616e+01,1.364800164894786505e+01
3.159157712281390928e+01,-9.714796112792180693e+00
5.832659662050943439e+01,1.507372888331080851e+01
5.695157405965125008e+01,1.087358311936774058e+01
3.331526141770547866e+01,9.582255241753523833e+00
4.426905583196685257e+01,2.838008556740394539e+00
4.857170249047666744e+01,1.249850503198589813e+01
5.457325008424604107e+01,4.968995509350987660e+00
7.159629364215950886e+01,5.430943281785696186e+00
5.513727240785934214e+01,8.213365288810612341e-01
4.995113599271721228e+01,3.586662462576456489e-01
4.271958446469991344e+01,1.779184820552060620e+00
4.828120372984123776e+01,-1.142919688912621901e+01
4.935576646721206373e+01,1.025689982762865021e-01
6.059519104811452905e+01,-7.293233738952494605e+00
6.961814910248661192e+01,4.413632498014707473e+00
5.684045277246813299e+01,1.469471725828276831e+01
4.243577809270377088e+01,1.216889103681916673e+01
3.056829239047557323e+01,-1.028796369464051175e+01
6.325965514629690745e+01,-1.760573387860086925e+01
3.883723874236034135e+01,1.532329627797767913e+01
4.842347403255455163e+01,1.388887313084862107e+01
6.038102159254226819e+01,4.253355986244836906e+00
5.013266890861351754e+01,-2.760446412656075710e-01
3.985527150517159356e+01,9.566623474676850591e+00
2.951138486998531718e+01,-9.886092345526444447e+00
6.871597266944333171e+01,-1.940727073887953624e+00
5.783351362879859181e+01,7.848646285735406958e-02
5.213556209264518060e+01,2.769287651690846452e+00
5.328011400872514969e+01,-1.773252652518884886e+01
5.580889250889105568e+01,-1.609435830504978071e+01
5.268325425793351258e+01,-2.207963090643680459e+01
3.041988830537328425e+01,-4.635615464726029700e+00
6.266763374932939001e+01,-1.692808139092282671e+00
4.814872843622271148e+01,1.414050706506055022e+00
4.108381064226276180e+01,-6.645857685724894104e+00
5.665060314286771614e+01,2.797410287343297330e+00
4.005492189117002511e+01,6.323840506832076436e+00
4.880696431215239528e+01,-6.835808458522405040e+00
5.140134943801982814e+01,1.977233121604229638e+01
6.822250122634096670e+01,-6.712544779461047106e+00
4.719320901155389691e+01,-6.690821080898968098e+00
4.677435093278451461e+01,1.340781561223408325e+01
5.117829982952309820e+01,-9.823747054427602876e+00
6.811890301384728730e+01,1.043538277214904220e+01
5.425528634991767518e+01,-6.801550455312985743e-01
6.528443656548689944e+01,4.890437911002287308e+00
7.039606972778653926e+01,-9.062102301687092520e+00
4.992771618612538020e+01,4.030688856050857360e+00
5.022826891047939313e+01,-4.639615837310819835e+00
6.595563507876788378e+01,7.388531712302972947e-03
4.952263059340518936e+01,1.791418102526346701e+01
4.993624158555990533e+01,-1.128244810862500280e+01
3.626564377836325548e+01,-2.829498552165763847e+00
5.367028729724828651e+01,3.233832875734431234e+00
4.139638612708568388e+01,6.793089306458586663e+00
4.817104343987270454e+01,1.816373923670540069e+00
4.327498200608913947e+01,-3.070213278083812725e+00
4.677184777337360089e+01,-5.699180496528750695e+00
5.552453745262217666e+01,-8.605719085132760071e+00
2.861033042435439810e+01,3.721246532110172867e-01
4.675411198428250259e+01,2.616500459501106768e+00
5.570510669898570200e+01,7.258118422066960562e+00
5.478127954470312488e+01,-1.332700912253975289e+01
4.503355315600483522e+01,-2.119676162867652280e+01
4.742804849500569020e+01,1.662350954807208403e+00
2.903025946991165540e+01,-2.439498134615103009e+00
4.905287018203916460e+01,-1.605716418550659386e+00
5.056955071989651884e+01,5.025869647928048778e+01
5.697591457285611938e+01,4.784028595833895281e+01
3.651422529137674644e+01,4.759551205688259756e+01
5.354355347917219632e+01,3.938384476703309645e+01
6.514012041863311708e+01,5.494995300266045035e+01
3.342744002871711473e+01,5.898781367314451529e+01
4.950778496919871685e+01,6.122338858242432735e+01
4.967123465038159225e+01,5.307059140069058856e+01
5.503836242669062528e+01,3.109544042021807186e+01
4.058232091377720963e+01,4.071549348238564647e+01
3.418658693617909705e+01,5.629026404812871220e+01
6.617145079884153347e+01,5.107718709164018378e+01
7.173036263787588496e+01,4.513235748140996151e+01
5.659962382369166534e+01,4.839464685428256274e+01
5.328441561184990150e+01,6.588608534601605982e+01
5.812833723925150764e+01,5.216045834647420065e+01
4.106878273064881313e+01,4.828468174829052373e+01
5.505842597932684157e+01,4.840585052558662937e+01
5.669104406259923223e+01,4.577704169383478217e+01
3.120302962815294379e+01,3.893717917574032583e+01
4.777841048353494813e+01,5.635182836482348989e+01
4.727556042214816046e+01,5.495862360584332151e+01
6.074639808308749878e+01,4.197495630134647371e+01
4.407307902482825313e+01,5.030623411642539367e+01
5.739741284700084378e+01,5.798899449742845746e+01
5.018980503832653284e+01,6.918511502002471047e+01
4.911204823852581569e+01,5.522428358015432082e+01
5.700255426916979218e+01,5.687582108542678583e+01
3.633556544061566740e+01,5.323114843903796611e+01
6.084379797966274595e+01,4.368326636476757585e+01
3.904977876536323578e+01,3.043759150850052819e+01
6.405392649625518686e+01,5.688209258726262618e+01
6.700862162328446914e+01,5.058745538491943705e+01
4.634880821923022154e+01,7.193822717514112242e+01
4.380063066723782583e+01,5.724073654261568578e+01
5.136732654653505392e+01,4.194144093728996836e+01
5.098723473988666655e+01,4.979235267766800632e+01
4.677722774170351983e+01,5.275015596118802108e+01
4.788670064365493317e+01,4.497059294430171406e+01
5.421843761985696375e+01,4.986482767086994272e+01
4.952738547844256800e+01,3.264640494693003347e+01
4.191845542460197294e+01,4.069398750239603402e+01
6.354469028846318679e+01,5.723430185347555721e+01
4.162200241505055942e+01,6.690886813819588497e+01
5.454111893701776381e+01,4.725209415454357753e+01
5.227138227650227975e+01,5.714385021191581870e+01
5.903791676857088078e+01,3.644438683747454633e+01
4.701082019929756939e+01,4.147543977608694377e+01
4.955059717514649265e+01,5.050127628939608826e+01
4.016363446753968702e+01,4.817645136467673694e+01
2.986077649332259298e+01,4.444882748537983730e+01
4.789327231042679500e+01,4.083143106988492832e+01
4.239958321352023063e+01,4.920650970873595043e+01
6.525612269762461892e+01,6.688864417078079327e+01
5.217635603879266171e+01,3.533909773338076832e+01
4.300006554377391410e+01,5.467577559395032694e+01
5.228364476029696561e+01,4.946075000489133089e+01
4.621243488675469990e+01,6.772027709019495489e+01
4.866320361243181480e+01,6.623076598212813337e+01
3.937789138372176012e+01,6.835165149195753997e+01
4.550972660420058702e+01,4.780663573118189902e+01
5.208725853514744131e+01,4.837821841854420057e+01
5.744087182686403281e+01,6.489892908526968540e+01
4.913268643245393008e+01,5.459700202680595993e+01
4.647141042770930142e+01,4.801135705536227505e+01
4.294513984152994368e+01,5.208166742118444148e+01
3.223269800339366498e+01,5.610520529366622355e+01
5.533538625141389389e+01,3.879618723941800340e+01
5.093622068263247371e+01,4.951463028345294504e+01
3.940393092859473256e+01,5.125028181974563779e+01
4.396627225993268695e+01,3.547157272463927313e+01
5.390464743154497285e+01,3.824928117535953476e+01
3.692121629445850317e+01,4.848397848525697640e+01
4.857898670909959549e+01,5.497075099760360928e+01
3.739160362740933152e+01,3.512718838503679564e+01
3.889046045561677545e+01,4.341955333951101892e+01
6.336568956499193916e+01,4.048836731207988748e+01
7.136959835881592085e+01,5.730250636338978865e+01
5.831977553107497414e+01,4.472973919504399021e+01
3.020785385516250088e+01,4.565003311837354261e+01
5.016665165858979236e+01,5.001646780043034823e+01
4.956930321959029584e+01,5.063630908533285435e+01
4.782004665894842077e+01,3.659972098712805177e+01
4.285557378234216230e+01,5.052015196411128528e+01
5.566604548005809505e+01,4.928996349272829747e+01
4.434844909181241945e+01,5.298733954320882589e+01
4.660844118818674531e+01,5.649057591008835999e+01
5.729749586587738008e+01,3.490567975987073623e+01
3.749710626455410534e+01,4.611860679247426731e+01
4.251389033132059581e+01,3.346815799015070070e+01
5.654725626552259143e+01,3.206304985644413819e+01
4.081276048639828247e+01,3.292751175820922072e+01
4.157428548786293732e+01,5.446745828467934558e+01
5.686011831225558666e+01,5.684259314315211498e+01
3.134708756761223825e+01,3.970756665862512591e+01
6.216782099452637311e+01,4.085616817651334287e+01
4.838442355903210768e+01,5.090286802766752317e+01
6.055936113929609377e+01,4.336612684577013965e+01
4.181384448854154812e+01,4.981851640000702020e+01
3.352682754278221466e+01,3.436592418588783460e+01
5.015644744381461351e+01,4.972766400569710044e+01
3.706375382923899764e+01,4.444082354071791485e+01
6.399785390953215369e+01,5.900336372700552090e+01
5.659745919242979539e+01,4.920776264551778212e+01
5.058395408715151831e+01,7.238613984224737408e+01
4.514438624983158377e+01,3.083623432392084496e+01
2.895085334626675433e+01,4.932348585877187475e+01
4.956159117842133099e+01,5.005882218725011512e+01
5.049887777681714596e+01,6.309756195566041725e+01
4.882019767917275033e+01,4.332653064642239826e+01
6.482595348173329342e+01,6.270907368351914357e+01
6.452936428141086367e+01,4.912742927723934372e+01
5.699059742284448760e+01,3.976540059833491370e+01
4.742618251068968505e+01,4.943301599953647951e+01
3.894502111530299260e+01,5.567196270703126260e+01
4.669915986281640130e+01,6.415399809719045265e+01
2.801511606743681781e+01,4.978015467541573003e+01
5.977534705117857072e+01,4.075277402205658461e+01
4.651841588842513886e+01,7.197613678530497339e+01
2.788318544965780532e+01,4.992531226720372928e+01
5.144945188946930159e+01,6.488419905147740963e+01
4.394215541707976769e+01,5.993460150030369959e+01
5.392942548499900823e+01,5.997225450552771520e+01
7.044253589328927490e+01,4.878338059376430635e+01
4.941457907575699693e+01,4.971776397893592758e+01
4.971791276397713233e+01,4.739765555082671256e+01
5.191434712638678661e+01,5.135894610675229899e+01
3.839546958319233028e+01,6.297790424219225258e+01
5.610098982587511074e+01,4.512097818525842996e+01
6.265618699753919429e+01,5.742468684732778428e+01
5.703273681622618341e+01,6.197453842175895744e+01
4.374159023133343993e+01,4.370866057741957178e+01
4.123561032330376719e+01,4.147580160269743743e+01
5.781064455866916774e+01,3.738391489307802829e+01
6.988843093358030956e+01,4.146651801286659378e+01
5.831124809147488719e+01,6.030581054893466586e+01
4.916823360372550411e+01,6.410595123223524183e+01
1.411921085398837761e+01,-4.986450717181255499e+01
-3.952785455604576015e+01,-1.602630830884675106e+01
2.216529460237175897e+01,-1.227158927470807726e+01
8.150228383345719863e+01,-1.359068668698334648e+00
8.869342182139430975e+01,9.621808911020650612e+01
1.747923008613680906e+01,-1.593067746510145355e+01
-6.250079986549508249e+00,6.645005224891691853e+01
-8.997543831111343593e+00,7.087430188042695534e+00
2.178637877227747310e+01,3.626666747049762307e+01
9.941506604518571066e+01,-1.516853672546115206e+01
3.013555487225325180e+00,-1.056632344842334703e+01
4.167015496556544463e+00,-3.487932246580691498e+01
3.971465086157074609e+00,8.317975471965826273e+01
-5.211522823032645135e+00,5.790216977360330475e+00
9.167112466569020057e+01,5.925684944903022711e+01
2.751080722270725687e+01,6.657890926051608460e+01
-3.152305267182440929e+01,1.967355298312634204e+01
-3.226458068962005399e+01,-1.495727824706300169e+01
-2.871991103896121089e+01,4.270185875370898998e+00
7.245898059388878210e+00,9.209628727498613898e+01
-1.038114032187061042e+01,2.086432679747753127e+01
7.170691059452300919e+01,7.234263796549925019e+01
6.255147805525302829e+01,-6.824935678989056953e+00
2.424574291170355878e+01,-2.206826072199151056e+01
-2.174007158257936112e+01,1.537618197074664295e+01
6.078883318644116684e+01,2.898763899967568136e+01
8.300248312711784138e+01,7.463631966663638195e+01
-4.525918357693916505e+01,3.526285642993239833e+01
4.137418965334646259e+01,9.423627164501223774e+01
-4.651450599367073835e+01,2.966556564529433615e+01
-1.928279570962214251e+01,-4.195056405626163354e+01
3.812327870975849464e+01,6.589062154492037848e+01
6.622981738377818317e+01,-4.545673847661398526e+01
1.104196004073840243e+01,-4.332355592770692709e+01
-1.282420295138454236e+01,-2.106789458630775158e+01
-1.772261311367641667e+01,8.677621051792883122e-01
-8.387293724600262124e+00,9.434198669913973845e+01
2.861068001407318206e+00,8.412587729394579128e+01
-2.284374927186123472e+01,6.456203007823214080e+01
-4.079816959630358753e+01,1.941418442040119885e+01
-4.917343396467111205e+01,7.154361446041541228e+01
9.257290540566759773e+01,-4.473389437592815199e+01
9.007695422099718030e+01,6.607808372370294592e+01
3.829236818919298457e+00,8.633148268342077358e+01
-5.561409312364858692e+00,1.139429683521429837e+01
-3.549331067119675254e+01,4.854084428502160620e+01
-4.555987568865921844e+01,2.273579127985559012e+01
5.247877753788007738e+01,7.318564014236663695e+01
-2.750879155675067977e+01,6.311355493730761168e+01
5.786155353325443684e+01,3.393558011796763196e+01
3.769668966817960154e+01,-3.630939187148328529e+01
4.007065648605703245e+01,7.228331060624846316e+00
8.013712770124703866e+01,-3.035167739601469350e+00
3.648926160452870704e+01,1.398570995517916060e+01
8.143929073754696901e+01,-1.191249995162164765e+01
-3.817964595358093760e+01,6.229835814747093536e+01
1.193449253624822148e+01,3.836475386894372264e+01
-4.604160024299733323e+01,9.281646870961031937e+01
8.164275660774646326e+01,4.358018508659162649e+01
-4.744552368310729662e+01,6.696471097431491160e+00
9.681948066132233066e+01,5.219955381103518732e+01
-2.585182080298713103e+01,1.908951229817509443e+01
9.501066157652289235e+01,3.020622616248900272e+01
-4.630782079552631814e+01,4.296581264139666700e+01
-9.317520360326028594e+00,-3.517310721846434518e+01
1.043626670978395055e+01,3.377846461483672158e+01
-4.744389229282959519e+01,3.385702129539211569e+01
2.668047202594561895e+01,6.908625746481401109e+01
1.353247252230957542e+01,3.301756445048293642e+01
6.130139560856893866e+01,8.457188076729181603e+01
7.005186403553125274e+00,4.024502436747197009e+01
5.419163551245726751e+01,-4.350939853367057708e+01
7.011407627292021516e+01,6.614527782309075121e+00
5.053584121654147054e+01,2.074960993074235205e+01
5.535087140375608783e+01,5.864964688536683468e+01
